comment ID,parent post ID,parent comment ID,subreddit,comment text,author,timestamp,score/upvotes
t1_ovgmvak,t3_1un13yl,t3_1un13yl,gaming,"Hi, my channel is [Into the TobyVerse](https://m.youtube.com/@IntoTheTobyVerse). I make videos about Toby Fox games such as Deltarune and Undertale. Currently doing a blindplaythrough of the newly released chapter 5 of Deltarune.

What makes my channel unique:

* I bring a large knowledge of all previous Toby Fox games tothe table so I can discuss the influences and frequent callbacks to previous work
* Give a unique voice to each character (sound and personality)
* Reactinstantly to story beats and theorize on the fly about the implications to the story at large
* My thumbnails and art are made using an alphabet I createdpersonally in the pixel art style of the games

Thank you for reading and have a lovely day!",toxye,2026-07-04 06:32:06,1
t1_ovgmmnj,t3_1un13yl,t3_1un13yl,gaming,"Hey, I’m Johara.I’m a small Arabic streamer/YouTuber. Also an author. I play games, I have opinions.
My whole thing is basically: I love games, I complain about games, I overthink games, and then I keep playing them anyway because I LOVE them.

I recently made a Destiny 2 video about how the game kind of had to fall apart before it could get interesting again, and I’m trying to improve with every upload.

This is my video on Marathon: https://www.youtube.com/watch?v=QDjqTTnU3Ak

This is my Twitch: https://www.twitch.tv/johara298",TheFourthSeer,2026-07-04 06:30:03,2
t1_oryce92,t3_1tz3yb5,t3_1tz3yb5,gaming,"this is a great thread for asking questions, thanks for posting!",ngothingochan19920,2026-06-16 09:39:44,2
t1_oq83l2z,t3_1tz3yb5,t3_1tz3yb5,gaming,"I tried making athread about it earlier, but I did not realize you need comment karma from the gaming community to get a post here and I think it works to post it here instead so I will.

Are there any simulation games in the vein of Dwarf Fortress, World Box, Rimworld, Factorio (which I think can use multi-core, but extremely limited), etc. that aren't limited to using single cores and can actually take advantage of a strong and high core count CPU?

I know CPU isn't the only bottleneck in games like these, but it'd be interesting to find ones that aren't limited to a single core or thread to see what they can do with it.",QuantumAssassin45,2026-06-07 06:49:37,5
t1_otdwlch,t3_1tz3yb5,t3_1tz3yb5,gaming,"I’m looking at prime day deals for headphones that are up to $100, does anyone have any recommendations? There’s just so many options",Jakiboy1234,2026-06-23 19:29:43,2
t1_oryf40u,t3_1tz3yb5,t3_1tz3yb5,gaming,this is a great weekly thread! i hope everyone finds the answers they need.,leocross2003,2026-06-16 10:01:59,2
t1_oq93k46,t3_1tz3yb5,t3_1tz3yb5,gaming,Are you playing Tomodachi LTD yet? ,Le_Sadie,2026-06-07 11:54:58,3
t1_or1e3yd,t3_1tz3yb5,t3_1tz3yb5,gaming,"I have 3 girlfriends (transbian polycule), and since we're all long distance, I was thinking that we should try to find a f2p preferably live service game to all play together, any recommendations?

2 of us already play warframe so I'm thinking about getting the other 2 into it. ",Unfair_Ad_598,2026-06-11 14:09:41,1
t1_ordnafz,t3_1tz3yb5,t3_1tz3yb5,gaming,"this is a great way to ask questions, thanks for keeping the community helpful!",kuriru420,2026-06-13 07:42:58,1
t1_ordja6n,t3_1tz3yb5,t3_1tz3yb5,gaming,"this thread is great for asking small questions, thanks everyone for sharing!",biologiaunifal2017,2026-06-13 07:07:51,1
t1_ordn1r8,t3_1tz3yb5,t3_1tz3yb5,gaming,this thread is always helpful for small questions! thanks for keeping it up.,baninirobert342,2026-06-13 07:40:45,1
t1_ordniw9,t3_1tz3yb5,t3_1tz3yb5,gaming,"this is a great thread for asking small questions, very helpful for the community!",moneypapa22,2026-06-13 07:45:05,1
t1_ordplvq,t3_1tz3yb5,t3_1tz3yb5,gaming,great thread forasking questions! hope everyone gets the help they need!,baninirobert342,2026-06-13 08:03:58,1
t1_ordscws,t3_1tz3yb5,t3_1tz3yb5,gaming,this is a great weekly thread! i hope everyone gets their questions answered :),marwanhadana001,2026-06-13 08:28:52,1
t1_ordvv91,t3_1tz3yb5,t3_1tz3yb5,gaming,"this weekly thread is so helpful, love how everyone supports each other with their gaming questions!",whatsapstatus4,2026-06-13 09:01:20,1
t1_orkg6nv,t3_1tz3yb5,t3_1tz3yb5,gaming,Great,hulksmash1516,2026-06-14 08:56:32,1
t1_orqlwr7,t3_1tz3yb5,t3_1tz3yb5,gaming,this is a great weekly thread! hope everyone can get their questions answered.,Eninur686,2026-06-15 06:10:04,1
t1_orqni1t,t3_1tz3yb5,t3_1tz3yb5,gaming,this is such a great weekly thread! always nice to see the community helping each other with gaming questions.,CHjelmfort,2026-06-15 06:22:45,1
t1_orqvhli,t3_1tz3yb5,t3_1tz3yb5,gaming,this is a great weekly thread for all gamers! i always find useful tips here. thanks to everyone helping out.,Eninur686,2026-06-15 07:29:37,1
t1_orqwx1u,t3_1tz3yb5,t3_1tz3yb5,gaming,nice post,enzoenzodia,2026-06-15 07:42:07,1
t1_orqyxv3,t3_1tz3yb5,t3_1tz3yb5,gaming,i hope this helps!,rayoywinny,2026-06-15 07:59:50,1
t1_orqzlsc,t3_1tz3yb5,t3_1tz3yb5,gaming,this weekly thread is great for asking gaming questions! thanks to everyone who helps out,lehainamhd2000,2026-06-15 08:05:46,1
t1_orri5v5,t3_1tz3yb5,t3_1tz3yb5,gaming,this is such a helpful weekly thread! i always find answers to my gaming questions here. thanks to everyone who contributes!,Eninur686,2026-06-15 10:43:52,1
t1_oryeuj3,t3_1tz3yb5,t3_1tz3yb5,gaming,this is a great weekly thread! i hope everyone finds the answers they need. thanks for posting!,kuriru420,2026-06-16 09:59:50,1
t1_orxlan1,t3_1tz3yb5,t3_1tz3yb5,gaming,thanks for this weekly thread! i always find helpful answers here.,hikenpaamthju,2026-06-16 05:49:16,1
t1_orrm089,t3_1tz3yb5,t3_1tz3yb5,gaming,"this is a great thread for asking questions, hope everyone finds the answers they need! :)",sergyodavidjr6,2026-06-15 11:11:57,1
t1_orxlgy9,t3_1tz3yb5,t3_1tz3yb5,gaming,"this is a great thread for asking questions, hope everyone finds the answers they need!",farruxergashev447,2026-06-16 05:50:41,1
t1_orzed7z,t3_1tz3yb5,t3_1tz3yb5,gaming,this weekly thread is great for asking gaming questions!,mdanamul61956039,2026-06-16 13:36:47,1
t1_orxmwiv,t3_1tz3yb5,t3_1tz3yb5,gaming,"this is a great thread for asking questions, thanks for posting!",CHjelmfort,2026-06-16 06:02:25,1
t1_orzd1m6,t3_1tz3yb5,t3_1tz3yb5,gaming,this is a great weekly thread! thanks for helping everyone out.,sergyodavidjr6,2026-06-16 13:30:18,1
t1_orzd44l,t3_1tz3yb5,t3_1tz3yb5,gaming,"this thread is great for new gamers to ask questions, thanks for keeping it going!",hikenpaamthju,2026-06-16 13:30:39,1
t1_os5jszf,t3_1tz3yb5,t3_1tz3yb5,gaming,thanks for the weekly thread! simple questions like this really help new gamers find answers and get into gaming. much appreciated!,moneypapa22,2026-06-17 09:56:04,1
t1_os579d3,t3_1tz3yb5,t3_1tz3yb5,gaming,i love this thread! always find great gaming advice here.,phamthanhtrunghd80,2026-06-17 08:07:01,1
t1_os5jv90,t3_1tz3yb5,t3_1tz3yb5,gaming,"this thread is super helpful for finding gaming tips, thanks everyone!",marwanhadana001,2026-06-17 09:56:34,1
t1_orzd5z5,t3_1tz3yb5,t3_1tz3yb5,gaming,this is a great weekly thread! i hope everyone finds the answers they need here.,moneypapa22,2026-06-16 13:30:54,1
t1_os5k7kr,t3_1tz3yb5,t3_1tz3yb5,gaming,this weekly thread is so helpful! i love reading everyones questions.,geelovely1111,2026-06-17 09:59:21,1
t1_os5l05z,t3_1tz3yb5,t3_1tz3yb5,gaming,"this is a great weekly thread for asking gaming questions! love how helpful everyone is here, keep it up :)",duraktigran228,2026-06-17 10:05:46,1
t1_osbkyta,t3_1tz3yb5,t3_1tz3yb5,gaming,this weekly thread is so helpful for new gamers! thanks for keeping it going :),luizotaviosebba24,2026-06-18 04:37:31,1
t1_osbod1v,t3_1tz3yb5,t3_1tz3yb5,gaming,thanks for this thread! it's always nice to have a place for the small questions i'm too shy to ask. glad it's here :),sergyodavidjr6,2026-06-18 05:02:49,1
t1_osbodlv,t3_1tz3yb5,t3_1tz3yb5,gaming,"this is a great thread for beginners, keep asking questions everyone!",lenguyenanhnam351,2026-06-18 05:02:56,1
t1_osbotov,t3_1tz3yb5,t3_1tz3yb5,gaming,this weekly thread is so helpful for beginners! i love seeing everyone help each other out here,mdanamul61956039,2026-06-18 05:06:18,1
t1_os5k7pc,t3_1tz3yb5,t3_1tz3yb5,gaming,"this thread is great for asking gaming questions, hope everyone finds help!",mashupdanceofficial,2026-06-17 09:59:23,1
t1_osbqk1s,t3_1tz3yb5,t3_1tz3yb5,gaming,"this weekly thread is really helpful for new players like me, thanks everyone for the tips and support!",duraktigran228,2026-06-18 05:19:39,1
t1_osbqmfy,t3_1tz3yb5,t3_1tz3yb5,gaming,this is a great place for asking questions. keep learning and having fun everyone!,hikenpaamthju,2026-06-18 05:20:09,1
t1_osbu4vr,t3_1tz3yb5,t3_1tz3yb5,gaming,"this weekly thread is so helpful, thanks for making it easy to ask questions!",geelovely1111,2026-06-18 05:47:51,1
t1_osbrs0f,t3_1tz3yb5,t3_1tz3yb5,gaming,thanks for this helpful thread it's great for new players!,Eninur686,2026-06-18 05:29:07,1
t1_osbr02b,t3_1tz3yb5,t3_1tz3yb5,gaming,"this is a reallyhelpful thread for beginners, thanks for sharing!",xcvasd00007,2026-06-18 05:23:04,1
t1_osbyj8s,t3_1tz3yb5,t3_1tz3yb5,gaming,this is a great thread! i always find answers to my simple gaming questions here.,lehainamhd2000,2026-06-18 06:23:11,1
t1_osbrbz1,t3_1tz3yb5,t3_1tz3yb5,gaming,"this weekly thread is so helpful for everyone, keep up the great work!",marwanhadana001,2026-06-18 05:25:37,1
t1_osbymrk,t3_1tz3yb5,t3_1tz3yb5,gaming,this is so helpful for gamers like me who are learning. thanks to everyone answering questions here!,consueloctecnologico,2026-06-18 06:23:58,1
t1_osc47gt,t3_1tz3yb5,t3_1tz3yb5,gaming,"this is awesome!i really like the idea of dedicated threads for all types of gaming questions, super helpful for the community :)",enzoenzodia,2026-06-18 07:10:01,1
t1_ovdq5yn,t3_1umoijb,t3_1umoijb,gaming,"The Switch 1 hadlike a 0.01% failure rate and it was all people that were like ""I wonder what happens if I ignore the warning about turning it off while updating?""

Now JOYCONS on the otherhand...",SharpEdgeSoda,2026-07-03 20:05:15,5187
t1_osc0p9p,t3_1tz3yb5,t3_1tz3yb5,gaming,this is a great simple questions thread! thanks for helping everyone out.,nelsonlouis103,2026-06-18 06:40:51,1
t1_ove5q4y,t3_1umoijb,t3_1umoijb,gaming,Someone ALREADY bricked a Steam machine? Tf did they do to it,Ew_Its_Mike,2026-07-03 21:19:28,897
t1_ovdusvs,t3_1umoijb,t3_1umoijb,gaming,"Red ring of death was such an over hyped thing. All it meant was that your console was chilly and you needed to wrap it up in a blanket to keep it warm until it felt better.

(/s of course)",Entaris,2026-07-03 20:27:19,656
t1_ovdpo4o,t3_1umoijb,t3_1umoijb,gaming,I’ve never seen anything with the switch like this at all. ,Dry-Membership3867,2026-07-03 20:02:56,425
t1_ovdpkh0,t3_1umoijb,t3_1umoijb,gaming,I've literally never heard of the Switch or PS3 one until now.,StevynTheHero,2026-07-03 20:02:28,114
t1_ovepjn6,t3_1umoijb,t3_1umoijb,gaming,"Where's the picture of an upside down Playstation 1? There's never a picture of an upside down PS1.

Old heads remember",d0ggzilla,2026-07-03 23:03:46,24
t1_ovdqu8x,t3_1umoijb,t3_1umoijb,gaming,Sometimes I forget I'm colorblind but the two bottom leds are literally green aren't they?,mrfroggyman,2026-07-03 20:08:27,1398
t1_ovdr8mc,t3_1umoijb,t3_1umoijb,gaming,"Finally, the Steam machine has earned its stripe.

*gooble gobble gooble gobble we accept it we accept it one of us, one of us*",Donnicton,2026-07-03 20:10:22,132
t1_ovdrq41,t3_1umoijb,t3_1umoijb,gaming,"The problem might be overheating due to Steam Machines standing right to or very close to a wall.

The ventilation works and keeps it cool, but bursts out the hot air pretty strongly out it's backside. If there is not enough room for the hot air to escape it just keeps sucking it up, ending up in overheating.",CorpPhoenix,2026-07-03 20:12:40,43
t1_ovdth6v,t3_1umoijb,t3_1umoijb,gaming,We also have thesteam deck's 3 light levels of death,Helpful-Work-3090,2026-07-03 20:20:59,13
t1_ovf08tp,t3_1umoijb,t3_1umoijb,gaming,Good ol red ringof death.. but am I the only one old enough to remember turning my ps1 upside down or on its side or wrapping it in a towel to get it to work?,Silentnex,2026-07-04 00:02:44,3
t1_ovg9ibc,t3_1umoijb,t3_1umoijb,gaming,Anyone remember “disc read error” in the PS2 era? That shit sucked too.,socomeyeballs,2026-07-04 04:45:05,6
t1_ovdrky2,t3_1umoijb,t3_1umoijb,gaming,How could Sony do this?,ContractVarious3077,2026-07-03 20:11:58,22
t1_ovfaycn,t3_1umoijb,t3_1umoijb,gaming,Then there's gamecube which will just spontaneously stop reading discs forevermore,DistantRavioli,2026-07-04 01:01:13,6
t1_ovdr5ex,t3_1umoijb,t3_1umoijb,gaming,I've heard of the PS3 one before but what kind of devious shit has to happen for the Switch one to appear?,littlefaka,2026-07-03 20:09:56,3
t1_ovev93a,t3_1umoijb,t3_1umoijb,gaming,"oh man. the Red Ring.

My 360 was just BARELY still under warranty when it bricked.

I remember exactly what happened. I was playing COD: WAW and I had FINALLY been able to grab a tank when it spawned. I was cresting a hill with joy in my heart and the xbox locked up and red ringed.",slothboy,2026-07-03 23:35:08,3
t1_ovext4o,t3_1umoijb,t3_1umoijb,gaming,Humanity has notyet invented a device that doesn't have some % of DOA units. That's just how mass production and distribution works.,VexingRaven,2026-07-03 23:49:17,4
t1_ovgi2gl,t3_1umoijb,t3_1umoijb,gaming,"True story, my OG 360 red ringed.

I read online that it could be the external power supply overheating.

So I opened the power supply *incredibly dangerous by itself* filled a *tupperware container* full of *mineral oil* put the now fully exposed power supply in the container, sealed it with *hot glue* and routed the cables through the top.

Then I mounted a 120mm PC fan to exhaust hot air out the top.

And thats how I watercooled my 360 power supply to resurrect it fromthe dead.

It worked for a few weeks.",Legitimate_Bank_6573,2026-07-04 05:52:30,3
t1_ovemo1n,t3_1umoijb,t3_1umoijb,gaming,"I lost my PS3 tothe Yellow Light of Death. It was backwards compatible with PS1 and PS2. 

I miss it.

I've also lost a few laptops and PCs but they don't have a distinct death warning cuz I never blue screened. They should...",Nexus1203,2026-07-03 22:48:19,6
t1_ovepjfx,t3_1umoijb,t3_1umoijb,gaming,"Remember my PS3 got the yellow light of death on my birthday, was so annoyed at it. Still annoyed it packed in after all this time like",AudiS1Quattro,2026-07-03 23:03:45,3
t1_ovfl4q6,t3_1umoijb,t3_1umoijb,gaming,I remember my first red ring of death on my 360. Utter devastation,ThatGuySin_,2026-07-04 02:02:04,4
t1_ovfmmn5,t3_1umoijb,t3_1umoijb,gaming,Xbox 360 red ring of death. 20 years. Steam red line of death. 20 minutes.,N0085K1LL5,2026-07-04 02:11:18,6
t1_ovey1v1,t3_1umoijb,t3_1umoijb,gaming,steam red line came up once and just never left me alone,Internal-Wasabi-8458,2026-07-03 23:50:39,3
t1_ovep7c2,t3_1umoijb,t3_1umoijb,gaming,The yellow lighton the PS3 is giving me PTSD,Burr-Nerr,2026-07-03 23:01:55,3
t1_ovex9qe,t3_1umoijb,t3_1umoijb,gaming,"""Because when you see it, you turn 180° and walk away!""",Adjective-Noun-nnnn,2026-07-03 23:46:15,3
t1_ovf3g6l,t3_1umoijb,t3_1umoijb,gaming,Don't forgot thePS3 blue light of death. And the PS2s Disk Read Error,notthatguypal6900,2026-07-04 00:20:02,3
t1_ovffmbk,t3_1umoijb,t3_1umoijb,gaming,Even pc has bsod(even if reinstalling operating system often fixes everything),Moosashi5858,2026-07-04 01:28:26,3
t1_ovfnhbg,t3_1umoijb,t3_1umoijb,gaming,"Anyone who can afford to pay over a thousand dollars for a mediocre, non-upgradable console pc should maybe reconsider that choice and look into building their own for less. ",MasterPhilip,2026-07-04 02:16:33,3
t1_ovewtex,t3_1umoijb,t3_1umoijb,gaming,"Whenever I see this, I always wonder how many people get defective PC components or mess up the assembly of their PC. Better yet, what about defective laptops or prebuilt PCs? Xbox 360s sales and reputation seems to have survived the red ring of death for the most part, even though everyone knows of the defect. Will this failure be carried around like a red flag for the steam machine? I hope not, it seems to be the only public case so far…",MormonJesu8,2026-07-03 23:43:40,3
t1_ovfjl1m,t3_1umoijb,t3_1umoijb,gaming,"Has this actually been reported to have happened to more than one person?

I feel like half the people posting about this are joking, and the other half genuinely believethat if there are any issues on day one the launch is a failure.",sam_hammich,2026-07-04 01:52:39,3
t1_ovf9orn,t3_1umoijb,t3_1umoijb,gaming,"Hilariously I think I've woken to the Orange Screen of Death on my Switch like.... at least 15 times. 

A simple restart and it's gone for a time with zero aftereffects. ",ZantaraLost,2026-07-04 00:54:19,3
t1_ovgiesh,t3_1umoijb,t3_1umoijb,gaming,Had the PlayStation 3 YLOD myself. It was genuinely a Gen 1 launch unit that did much service for many years. Weighed at least 5 kilos lol,kevolad,2026-07-04 05:55:16,3
t1_ovex602,t3_1umoijb,t3_1umoijb,gaming,"... Does anyone else see this picture and just HEAR the YLOD ""bee-bee-beep!"" of ""you're fucked"" ",itsTyrion,2026-07-03 23:45:40,3
t1_ovgmwbb,t3_1umoijb,t3_1umoijb,gaming,The photo clearly shows a green light for the PS3.,JonatasA,2026-07-04 06:32:20,3
t1_ovguu7x,t3_1umoijb,t3_1umoijb,gaming,"It's a custom board with custom integrations, that makes it a console.",carlmalonealone,2026-07-04 07:39:39,3
t1_ovgx78u,t3_1umoijb,t3_1umoijb,gaming,Ahhhhh the joys of early adoption,skippyspk,2026-07-04 08:00:04,3
t1_ovf5fq4,t3_1umoijb,t3_1umoijb,gaming,"The Four Horseman of the Consolepocalypse. 

Steam: $1000 console that doesn't come with a controller

Microsoft: Price hiking a 6 year old console and killing studios

Sony: Ending physical games in 2028

Nintendo: $80 games that never go on sale",Helen_Kellers_Wrath,2026-07-04 00:31:09,9
t1_ovdwlxg,t3_1umoijb,t3_1umoijb,gaming,"I had RROD so many times, unplug power, unplug hdd, replug both and it works fine to this day, not sure this towel trick people are talking about and I assumed it was just folk lore",AHrice69,2026-07-03 20:35:55,2
t1_ove9vys,t3_1umoijb,t3_1umoijb,gaming,"My switch 1 from(checks notes) 2017 just started getting the orange screen of death 

And well honestly its the longest lived console I've ever had, followed by the gamecube so im not that upset.",AccomplishedEmu1886,2026-07-03 21:40:26,7
t1_ove8wyw,t3_1umoijb,t3_1umoijb,gaming,"The yellow lightof death was an absolute *killer* and I don't hear anyone talk about it. I lost three PS3s to it.

And it was worse because it didn't have a removable HDD. You had to have the foresight to copy your saved data to a USB stick and even *then*, when copying it to the new system and loading the game, games wouldn't let you earn trophies (don't care) and some games wouldn't let you make *new* saved games (*massive* problem. Looking at you, Final Fantasy XIII). To this day, I think it's ridiculous that developers thought it was okay to dictate what players could do with their own saved games like that.

I *think* thisproblem possibly could have been solved if you signed into your PSN account when copying the saved data, then again on the new PS3, so it registered the data as ""yours"". But I was a single-player gamer, so I never felt the need to. *And* I lived in an area where the internet wasn't the best, so signing in could take a while. So I kept automatic login switched off. And even *then*, you'd have to know to do that before your PS3 broke.",Prefer_Not_To_Say,2026-07-03 21:35:26,5
t1_oveuilc,t3_1umoijb,t3_1umoijb,gaming,"I have a 2017 switch and only recently gotten the OSoD. that being said i hadnt used it in years and picked it up within the last 2 months

ive gotten it twice i think the problem is leaving it on the dock causes it to overheat. the first time it was on the dock in sleep mode and next time i left it on the dock was weeks later and thought itd be find if it was off completely but still ended up gwtting orange screen a few days down along the week or few more days after one wholeone. 

im just not gonna leave it sitting on the dock anymore ",rrosolouv,2026-07-03 23:31:04,2
t1_ovemot4,t3_1umoijb,t3_1umoijb,gaming,Xbox 360 still hunt me to this day,imjusthuman001,2026-07-03 22:48:26,2
t1_ovexvgg,t3_1umoijb,t3_1umoijb,gaming,Crazy to see it making a comeback. ,NoAdeptness1106,2026-07-03 23:49:39,2
t1_ovekzq0,t3_1umoijb,t3_1umoijb,gaming,Not the first choice in fraternities to join but what can you do. ,Rogoho,2026-07-03 22:39:08,2
t1_oveqy3c,t3_1umoijb,t3_1umoijb,gaming,Literally playable,molassascookieman,2026-07-03 23:11:30,2
t1_ovf2grd,t3_1umoijb,t3_1umoijb,gaming,"I remember my Xbox 360 red ringed in the middle of me playing Lego Indiana Jones, it just froze mid jump and straight up died.",misterfluffykitty,2026-07-04 00:15:03,2
t1_ovfb6gc,t3_1umoijb,t3_1umoijb,gaming,Is this loss?,SheetPancakeBluBalls,2026-07-04 01:02:29,2
t1_ovf5k72,t3_1umoijb,t3_1umoijb,gaming,Is this the point where they are supposed to throw the Steam Machine in the oven?,weamz,2026-07-04 00:31:52,2
t1_ovel6fd,t3_1ums1yp,t3_1ums1yp,gaming,I wonder why 2K didn’t just patch the soundtrack in order to keep the game listed instead they choose to delist it. Still bummed that I didn’t got this game when it was a few bucks.,pessimisttears,2026-07-03 22:40:09,123
t1_ovf7bqz,t3_1umoijb,t3_1umoijb,gaming,my 360 red ringed only once and it was right after a power outage and then it recovered.,baldierot,2026-07-04 00:41:55,2
t1_ovfefn7,t3_1umoijb,t3_1umoijb,gaming,the Switch has many colours of death screen. A whole rainbow for different errors!,The_Synthax,2026-07-04 01:21:12,2
t1_ovejdnn,t3_1ums1yp,t3_1ums1yp,gaming,Great story ,thechriskarel,2026-07-03 22:30:29,476
t1_oven0o3,t3_1ums1yp,t3_1ums1yp,gaming,"Ironically, in the distant future, digital preservation will be the only way to experience most games. Discs break, they degrade, they get lost. Over time, the supplies of the original discs will dwindle, and digital downloads will be the only way to play games. 

I understand this isn't really relevant to the current argument and I agree in principle with most people who don't want to see physical media die. It's just interesting to think about.",Spend-Automatic,2026-07-03 22:50:14,98
t1_oven3wp,t3_1ums1yp,t3_1ums1yp,gaming,Good luck playing Mario 3-D All Stars unless you find a hard copy,Romnonaldao,2026-07-03 22:50:44,9
t1_ovejtah,t3_1ums1yp,t3_1ums1yp,gaming,PS5 jailbreak community gonna step up for the sake of game perseveration,NotoriousKSV,2026-07-03 22:32:44,37
t1_ovep0jl,t3_1ums1yp,t3_1ums1yp,gaming,Or jailbreak theps3 or run an emulator. ,TraveyDuck,2026-07-03 23:00:54,7
t1_ovejz52,t3_1ums1yp,t3_1ums1yp,gaming,"The game is archived on RohanKar's page in the Internet Archive, no need for a disc unless you don't have a PC.",Reasonable-Volume926,2026-07-03 22:33:36,61
t1_ovepnay,t3_1ums1yp,t3_1ums1yp,gaming,Or if you have cfw on your ps3 😆 ,Somewhere-Flashy,2026-07-03 23:04:19,5
t1_ovejhs7,t3_1ums1yp,t3_1ums1yp,gaming,"This is exactly why I still prefer physical discs whenever possible. When they delist a game from the digital store, it’s just gone forever. 'You don't own your games' is becoming a harsh reality.",No_Construction6394,2026-07-03 22:31:04,316
t1_ovem4u4,t3_1ums1yp,t3_1ums1yp,gaming,"Another Great example:

Driver San Fransisco

Great game, was smudged from existence a under a decade from it releasing.",Changlini,2026-07-03 22:45:21,5
t1_ovejoo7,t3_1ums1yp,t3_1ums1yp,gaming,Mercenaries 2!!!!,DumbVaultDweller,2026-07-03 22:32:03,17
t1_ovek8j5,t3_1ums1yp,t3_1ums1yp,gaming,I randomly got this free on Steam (I think during covid). Got round to playing it recently. It was good ,horridbloke,2026-07-03 22:35:02,4
t1_ovek5ew,t3_1ums1yp,t3_1ums1yp,gaming,Or I could just load it up from my steam library.,CivilSenility,2026-07-03 22:34:34,20
t1_ovfte5m,t3_1ums1yp,t3_1ums1yp,gaming,"delisted becausethe music licenses ran out. one of the most important shooters ever made is unbuyable over a jimi hendrix track, which is kind of the entire problem in onesentence",Delicious_Fan3427,2026-07-04 02:53:49,7
t1_over77o,t3_1ums1yp,t3_1ums1yp,gaming,Do you feel likea hero yet....,Blacknite45,2026-07-03 23:12:55,4
t1_ovejpm8,t3_1ums1yp,t3_1ums1yp,gaming,There are plentyof ways to play any ps3 game you want without even needing a ps3.,RoundErther,2026-07-03 22:32:11,7
t1_oveolbr,t3_1ums1yp,t3_1ums1yp,gaming,"(I wanna prefacethis by saying I want physical media to stay) But if you own the game digitally when it's delisted, you still keep it. It's just that others can no longer buy it. And you don't have to worry about it cracking or getting scratched. ",Kenny1115,2026-07-03 22:58:39,3
t1_ovelr8r,t3_1ums1yp,t3_1ums1yp,gaming,Great example ofwhy games are art as well.,LurchSkywalker,2026-07-03 22:43:18,2
t1_ovemtck,t3_1ums1yp,t3_1ums1yp,gaming,Same with the Dreamcast Collection on 360. ,Edge80,2026-07-03 22:49:07,2
t1_ovekedd,t3_1ums1yp,t3_1ums1yp,gaming,"Can still download and play it through Steam.

Also, what if I want to play an old game that's no longer available and can't be found on the used market for a normal price?",MisterKraken,2026-07-03 22:35:54,13
t1_ovemn6i,t3_1ums1yp,t3_1ums1yp,gaming,"Resident evil outbreak file 1 & 2. 

Got lucky recently and found file 1 for $19.99 but file 2 prices ouch and naa. Just emu'd that one. Both actually run great through emu. ",Wolverine1Cav,2026-07-03 22:48:10,2
t1_ovgf2na,t3_1ums1yp,t3_1ums1yp,gaming,Isn't this on GOG and Steam? ,JohnnyButtfart,2026-07-04 05:28:22,2
t1_oveqzwk,t3_1ums1yp,t3_1ums1yp,gaming,I can experiencethis on pc with no disc.,Dysmn,2026-07-03 23:11:47,3
t1_ovejup7,t3_1ums1yp,t3_1ums1yp,gaming,Incredible game,Proton_Optimal,2026-07-03 22:32:56,2
t1_ovgixic,t3_1ums1yp,t3_1ums1yp,gaming,"or you can torrent it for free and install it in 2 minutes on any pc

easy",Pepeg66,2026-07-04 05:59:33,2
t1_oven8ms,t3_1ums1yp,t3_1ums1yp,gaming,If games are delisted on Steam you still have them if you bought them. I like that.,Doomu5,2026-07-03 22:51:27,3
t1_ovelvf2,t3_1ums1yp,t3_1ums1yp,gaming,"just learn how to download ISO's folks, it ain't hard, if you know how to post on reddit you can manage a torrent",Ok-Peach-7558,2026-07-03 22:43:56,2
t1_ovekkxn,t3_1ums1yp,t3_1ums1yp,gaming,"I got my digitalcopy from a humble bundle, and didn't really think anything of it. At some point, I had an empty Saturday afternoon thinking I would just burn through a boiler-plate cover shooter for kicks. 

I didn't know what I was in for. I went in knowing nothing, and was floored by the end. Brilliant game.  It really is a shame that games like this are a fixed quantity now. ",amtalx,2026-07-03 22:36:53,1
t1_ovep5vs,t3_1ums1yp,t3_1ums1yp,gaming,That’s because it’s an old game… new games wouldn’t have this issue because it’s all online ,Myc0n1k,2026-07-03 23:01:41,1
t1_ovekggh,t3_1ums1yp,t3_1ums1yp,gaming,Or bought it on Steam before it delisted. I think that was one of the first games I bought shortly after I created my Steam account. First daily deal I bought…,brainsapper,2026-07-03 22:36:13,1
t1_ovelnnf,t3_1ums1yp,t3_1ums1yp,gaming,"Amazing story, Zero Punctuation did an amazing video on it years back.",October_people,2026-07-03 22:42:45,1
t1_ovem5xv,t3_1ums1yp,t3_1ums1yp,gaming,"I have this in my xbox digital library. Tried to get into it several times, as heard the story was good. Visually, it hasn't aged well. 50 shades of brown. And the combat is surprising clunky, even for its time. 

There are websites that list all delisted games (I think ~300 for Xbox) and the only ones I'd want to replay areMarvel Ultimate Alliance 1/2. ",yosrush,2026-07-03 22:45:31,1
t1_ovejof9,t3_1ums1yp,t3_1ums1yp,gaming,When I first built a PC I was so excited to finally play some of my old favorites in higher resolutions... Imagine my disappointment when this game wasn't available... ,ecguy6,2026-07-03 22:32:00,3
t1_ovempzk,t3_1ums1yp,t3_1ums1yp,gaming,Amazing story ,Spiritual-Pudding-70,2026-07-03 22:48:37,1
t1_oveonar,t3_1ums1yp,t3_1ums1yp,gaming,Amazing game,Still-Minimum-7212,2026-07-03 22:58:57,1
t1_ovenj48,t3_1ums1yp,t3_1ums1yp,gaming,Wonder if some games in physical form will reach a good % of value later on in the coming years.,SwimmingOk8969,2026-07-03 22:52:59,1
t1_ovenu4n,t3_1ums1yp,t3_1ums1yp,gaming,"I have this on steam and still have not played through it, just did the beginning portions. I really should give it a shot",hypnotichellspiral,2026-07-03 22:54:37,1
t1_over0t1,t3_1ums1yp,t3_1ums1yp,gaming,If you want to play specifically on the PS3 and legally then you're right. ,shhhhh_u_dont_see_me,2026-07-03 23:11:55,1
t1_overfv6,t3_1ums1yp,t3_1ums1yp,gaming,You never forgetthe first time you white phosphorused a bunch of civilians because it seemed like a good idea at the time.,SaltyYumYumBalls,2026-07-03 23:14:15,1
t1_oveqiya,t3_1ums1yp,t3_1ums1yp,gaming,"Scared me. I ranto my Steam Library to make sure it wasn't gone gone. I thought.
Then I realized it was PlayStation.",trombonier,2026-07-03 23:09:08,1
t1_over4uc,t3_1ums1yp,t3_1ums1yp,gaming,One of the best fps game.,shikhar0001,2026-07-03 23:12:33,1
t1_overk6d,t3_1ums1yp,t3_1ums1yp,gaming,"The way to solvethis problem will have to be archiving games digitally, there’s like no other way ",Viper61723,2026-07-03 23:14:55,1
t1_overzy2,t3_1ums1yp,t3_1ums1yp,gaming,Bought this on Steam over a decade ago and sat on it until last year. One of the best games I've ever played. Lucky to still have access to it. ,DublinLions,2026-07-03 23:17:23,1
t1_ovesccl,t3_1ums1yp,t3_1ums1yp,gaming,It’s on Steam,SportsCamDude,2026-07-03 23:19:20,1
t1_ovesx56,t3_1ums1yp,t3_1ums1yp,gaming,One of the many reasons i'll never ditch my PC over a console...,JeffGhost,2026-07-03 23:22:17,1
t1_ovet7f8,t3_1ums1yp,t3_1ums1yp,gaming,Bro I literally have this in my steam account I bought on a whim like a decade ago and I have never played it out of fear lmao,Althroway771,2026-07-03 23:23:47,1
t1_oveuv7t,t3_1ums1yp,t3_1ums1yp,gaming,I bought this onPC so I'm a bit.screwed  ,psykoX88,2026-07-03 23:33:04,1
t1_ovbcrjm,t3_1umebwz,t3_1umebwz,gaming,"No, Valve. When we said we wanted a console-like PC, we didn't mean you needed to bring RROD to PCs.",demonsta500,2026-07-03 13:25:52,6354
t1_ovetzmk,t3_1ums1yp,t3_1ums1yp,gaming,loved the game!,Stamina_C63,2026-07-03 23:28:06,1
t1_ovev3qd,t3_1ums1yp,t3_1ums1yp,gaming,"One of the firstgames I got all the achievements on, several playthroughs, fun game",Komikaze06,2026-07-03 23:34:20,1
t1_ovbd5qq,t3_1umebwz,t3_1umebwz,gaming,Bring out the towels,Fine-Froyo6219,2026-07-03 13:27:54,4569
t1_ovbcv5b,t3_1umebwz,t3_1umebwz,gaming,Everyone is nostalgic for a time when you could buy physical video games and get a Red Ring of Death on your Xbox 360.,MuptonBossman,2026-07-03 13:26:23,2449
t1_ovbfk0m,t3_1umebwz,t3_1umebwz,gaming,Now this is whatmarks the Steam Machine as a true console.,hydrolox9,2026-07-03 13:40:14,9042
t1_ovevzjf,t3_1ums1yp,t3_1ums1yp,gaming,I was just having this issue with Rockstars Manhunt. It’s no where on PSN and copies are fucked to find ,PorQuePanckes,2026-07-03 23:39:03,1
t1_ovbo316,t3_1umebwz,t3_1umebwz,gaming,"If you're going to experience hardware failure, the best time is right at the beginning. ",zeek215,2026-07-03 14:22:09,14
t1_ovbc6p4,t3_1umebwz,t3_1umebwz,gaming,Early adopters are the beta testers. ,SaiyajinPrime,2026-07-03 13:22:50,712
t1_ovcagny,t3_1umebwz,t3_1umebwz,gaming,HW failure is inevitable.  But it all rests on how much this occurs and how valve will resolve it.,asianwaste,2026-07-03 16:04:53,59
t1_ovbhksw,t3_1umebwz,t3_1umebwz,gaming,“We brought you some nostalgic features we think you’ll like” - Valve probably,SecureAd4268,2026-07-03 13:50:20,88
t1_ovcgu9d,t3_1umebwz,t3_1umebwz,gaming,Says that he performed a firmware update.. That could have bricked it.,slimj091,2026-07-03 16:36:02,33
t1_ovbcue5,t3_1umebwz,t3_1umebwz,gaming,"In other news, all products have a failure rate. Hopefully no more news at 5.",Netsky200n,2026-07-03 13:26:16,349
t1_ovbgjet,t3_1umebwz,t3_1umebwz,gaming,Time to take outa towel and stand on it ,HotBananaWaters,2026-07-03 13:45:08,63
t1_ovbgmam,t3_1umebwz,t3_1umebwz,gaming," I mean this does happen, but the concerning part could be if the hardware and components are in as such a such a short order as Valve implies, it might not be a quick replacement or repair. 

This was a huge issue with the Xbox 360. I bought one at launch and got RROD. They told me an RMA would take at least 6-8 weeks because they shipped their entire inventory and had to wait for parts(presumably because they all went into producing the initial inventory).

Granted that wason a FAR FAR bigger scale.",BigCommieMachine,2026-07-03 13:45:32,648
t1_ovbeevm,t3_1umebwz,t3_1umebwz,gaming,The Steam Machine failed after 20 minutes of gameplay \*and\* a firmware update. Seems like the update might have failed and bricked the system?,iksefiks,2026-07-03 13:34:24,27
t1_ovbhp7q,t3_1umebwz,t3_1umebwz,gaming,"All I'm saying is I've purchased many pc components that were DOA or fried within a few minutes. 

In 2014 my mobo died after 6 months, and the one I got to replace it wouldn't post if you had ram installed in one of the slots. Living near a Microcenter is honestly the best because easy returns.",HighSorcererGreg,2026-07-03 13:50:57,26
t1_ovbe0nf,t3_1umebwz,t3_1umebwz,gaming,"
360 ptsd",SmokeyWolff,2026-07-03 13:32:21,25
t1_ovcqkb7,t3_1umebwz,t3_1umebwz,gaming,"ONE report.

so this user received a faulty one? Bad shipment?

It's one report so far...chill out xD 

Everyone with their torches out already.",TheRealJayk0b,2026-07-03 17:21:14,17
t1_ovc320x,t3_1umebwz,t3_1umebwz,gaming,Why is a single unit failing considered news?,I_Shot_Web,2026-07-03 15:31:41,20
t1_ovcps06,t3_1umebwz,t3_1umebwz,gaming,Early adoption and pre-ordering... once again proving to be the dumbest possible thing you can do with your money.,rebigiroomu,2026-07-03 17:17:40,3
t1_ovbmp2m,t3_1umebwz,t3_1umebwz,gaming,One guy had an issue and game journalists already made and posted an entire article out of it. Is there nothing interesting to talk about rather than polluting the internet?,Lyelinn,2026-07-03 14:15:28,24
t1_ovbe8re,t3_1umebwz,t3_1umebwz,gaming,"Honestly, this post perfectly represents everything that’s wrong with the internet today. The waiting and the hope that someone will fail, endlessly scrolling through Reddit trying to dig up an article to turn it into the usual sensationalist story, making people believe there’s actually a widespread issue.

Warranties existbecause during manufacturing, electronics don’t have a 100% guarantee of working perfectly. There has only been a single documented case, and yet everyone is already jumping on it like vultures. Honestly, it’s pathetic.",KrysCrannor,2026-07-03 13:33:32,111
t1_oveq3zl,t3_1umebwz,t3_1umebwz,gaming,"Hardware can arrive DOA, it happens to literally anything. I doubt there is a single component in computers that hasn't had even a single DOA",thingamajig1987,2026-07-03 23:06:50,4
t1_ovbcnv6,t3_1umebwz,t3_1umebwz,gaming,Had the same experience. I could only use mine as a big soda cup for 20 minutes before the GPU gave out. 😔,JeskaiJester,2026-07-03 13:25:20,36
t1_ovdyuao,t3_1umebwz,t3_1umebwz,gaming,"""one electronicdevice breaks, more at eleven""

come back when there's like, a trend of these breaking. this is just normal bathtub curve stuff.",evilspoons,2026-07-03 20:46:24,5
t1_ovcsl34,t3_1umebwz,t3_1umebwz,gaming,"One random person having a hardware failure, especially for a launch day machine, is a gigantic nothing burger of a clickbait story.

Now, if it's unusually widespread like the RROD, then the news posts are warranted ",Doodenmier,2026-07-03 17:30:19,9
t1_ovcacfh,t3_1umebwz,t3_1umebwz,gaming,It IS a console and a PC!,wet_beefy_fartz,2026-07-03 16:04:22,3
t1_ovbmb12,t3_1umebwz,t3_1umebwz,gaming,Red Line of DEATH,solidpeyo,2026-07-03 14:13:35,3
t1_ovd7ooc,t3_1umebwz,t3_1umebwz,gaming,Is this a Steam Machine or Xbox 360 release?,Infarlock,2026-07-03 18:38:53,3
t1_ovcjzlk,t3_1umebwz,t3_1umebwz,gaming,Xbox 360 PTSD🧠,Retronika_Prime,2026-07-03 16:51:25,3
t1_ovcvpbt,t3_1umebwz,t3_1umebwz,gaming,Wow. That was real quick. Shouldn’t be happening to something that expensive at launch though. ,Vazhox,2026-07-03 17:44:17,3
t1_ovdl9g5,t3_1umebwz,t3_1umebwz,gaming,"Well, it can be DOA of course. Is this mentionable?",The7thM,2026-07-03 19:42:06,3
t1_ovd7p6m,t3_1umebwz,t3_1umebwz,gaming,"Pack it up, yearof the Linux desktop isn't happening.",BlueGoliath,2026-07-03 18:38:57,3
t1_ovfnox5,t3_1umebwz,t3_1umebwz,gaming,We have steam red line of death before GTA 6,saikrishnav,2026-07-04 02:17:51,3
t1_ovep127,t3_1umebwz,t3_1umebwz,gaming,"Hardware sometimes fails, more news later. ",furiat,2026-07-03 23:00:58,3
t1_ovd85xn,t3_1umebwz,t3_1umebwz,gaming,"Is this just oneinstance? Or is this a more widespread thing? Because so far, I've only seen people pointing to the one post. Shit happens and there will always be a non-zero manufacturing defect rate.",darxide23,2026-07-03 18:41:07,3
t1_ovfdps1,t3_1umebwz,t3_1umebwz,gaming,welp,KnockuBlockuTowa,2026-07-04 01:16:58,2
t1_ovbfax4,t3_1umebwz,t3_1umebwz,gaming,"One user huh?

How many people build PCs each year that receive parts that are DOA?

Is that number tantamount to the failing equality of the PC industry, or do all electronics have a failure rate?",gwydion_black,2026-07-03 13:38:57,7
t1_ovegrux,t3_1umebwz,t3_1umebwz,gaming,"Only one instance? How is this news? Products can have manufacturing errors, it's impossible to have 0% erros.",Azhar1921,2026-07-03 22:16:37,5
t1_ovfostx,t3_1umebwz,t3_1umebwz,gaming,"true homage to xbox

looks like xbox is really a pc",bikecatpcje,2026-07-04 02:24:45,3
t1_ovddhi8,t3_1umebwz,t3_1umebwz,gaming,"Well, it is hardware, a few are bound to fail. This article is about one user?",Optimus_Prime_Day,2026-07-03 19:05:32,2
t1_ovbdyfm,t3_1umebwz,t3_1umebwz,gaming,I still rememberthe compilations of switch 1 failures when it came out. This happens with every new hardware release when a lot of people get a new device at the same time.,Novrex,2026-07-03 13:32:01,8
t1_oveujqm,t3_1umebwz,t3_1umebwz,gaming,We got 2007 part2 before gta6,the_onion_k_nigget,2026-07-03 23:31:15,2
t1_ovdbqxe,t3_1umebwz,t3_1umebwz,gaming,"One single machine had a failure.

Shitty video game media: Let's make an AI written article about comparing this it to a hardware failure that plagued over half of all ~85 million units sold by one of the biggest companies ever on the planet.",Flemtality,2026-07-03 18:57:31,4
t1_ovbjqe5,t3_1umebwz,t3_1umebwz,gaming,"Lmao..... never buy the first gen of anything, especially in this the year of our infernal majesty 2026",BarnabasShrexx,2026-07-03 14:00:59,4
t1_ovday8z,t3_1umebwz,t3_1umebwz,gaming,"Hear me out...

This would be a perfect time for Sega to come back into the console market. Make a console that is roughly equivalent to a PS3 (with more storage and maybe more RAM). Sell it for $150. Physical media. No monthly fee for online play. Support it FOREVER.

If they really wanted to make some money, they'd make an updated and Sega-fied Call of Duty 2: Modern Warfare clone and include it with the console. Make it all Japanese-ish and cartoony.

",authenticmolo,2026-07-03 18:53:54,3
t1_ovbcn3n,t3_1umebwz,t3_1umebwz,gaming,Valve is losing because they did something lol,AtaqanWasHere,2026-07-03 13:25:13,6
t1_ovbdoqy,t3_1umebwz,t3_1umebwz,gaming,We all know hardware cannot fail due to no fault of anyone. This is valve sabotaging their customers. /s,KN_Knoxxius,2026-07-03 13:30:38,5
t1_ovdsf5u,t3_1umebwz,t3_1umebwz,gaming,"A few hardware failures are inevitable, that’s just the nature of manufacturing

The fact it happened so quickly means I’m not concerned about this at all currently - failing so quickly indicates a manufacturing fault, doggy part, or damage in transit etc rather than a general design flaw like we saw with the Xbox 360",audigex,2026-07-03 20:15:59,3
t1_ovfoe3x,t3_1umebwz,t3_1umebwz,gaming,"So as described it’s a lot less a GPU component failing, and more of a bugged firmware update.

I get that the machine is pricier than we’d like because of RAM for what it was benched for but it’s like everyone’s trying to beat this thing to death.",chronistus,2026-07-04 02:22:11,2
t1_ovbcldi,t3_1umebwz,t3_1umebwz,gaming,Oh no a product that will be replaced by valve right away let's make 50 articles about it. ,SaveTheAles,2026-07-03 13:24:58,5
t1_ovgjsjw,t3_1un0vr4,t3_1un0vr4,gaming,"This is exactly why people are exhausted with modern gaming.

They sell you a $500 console, charge you $70 for games, charge you for online, push subscriptions, remove ownership piece by piece, and then sit in an investor call saying they need to remove physical discs to monetize the install base even more.",TheFourthSeer,2026-07-04 06:06:36,164
t1_ovftq9s,t3_1umebwz,t3_1umebwz,gaming,Dont get the Gabe stans riled up. ,doombase310,2026-07-04 02:55:59,2
t1_ovghqz2,t3_1un0vr4,t3_1un0vr4,gaming,Yeah if you buy your games digital they want to lock you in for the next console as well. ,HaikusfromBuddha,2026-07-04 05:49:57,203
t1_ovgj47n,t3_1un0vr4,t3_1un0vr4,gaming,Yup. Already decided PS5 is my last console. Have a huge backlog on both my ps5 and steam. And shrinking time to play. So they're inviting themselves out of my life.,Flips-White-Fudge,2026-07-04 06:01:04,61
t1_ovghrzi,t3_1un0vr4,t3_1un0vr4,gaming,They're already rolling out ai based price fixing/scaling per usres spending habits on the platform. They're actively burning every bit of goodwill theyve earned. Herman wasn't there for the PS3 and its launch and he's determined to repeat the mistake.,ZeusBaxter,2026-07-04 05:50:11,70
t1_ovghw7v,t3_1un0vr4,t3_1un0vr4,gaming,Well now is the perfect time to do it since everyone's pretty much stuck where they are due to the hardware market being totally fucked from every which way. ,Downtown_Eye5736,2026-07-04 05:51:07,14
t1_ovghzo2,t3_1un0vr4,t3_1un0vr4,gaming,Well I'm leavingtheir installed base with PS6 no more pennies from me,Brenduke,2026-07-04 05:51:53,18
t1_ovgiwv0,t3_1un0vr4,t3_1un0vr4,gaming,This makes me want to get an evercade ,Cesare45,2026-07-04 05:59:23,5
t1_ovgr72f,t3_1un0vr4,t3_1un0vr4,gaming,"back in my day if you wanted to ""monetize the installed base"" you had to sell games",agrajagthemighty,2026-07-04 07:08:27,6
t1_ovgiy24,t3_1un0vr4,t3_1un0vr4,gaming,"Oh no, the second hand market is chump change, it's just a fraction of the fraction that are physical games sales. This is to cut costs and repurpose their disc factory. 

They'll do a lot worse to monetize the installed base. Expect more price hikes for PS Plus subscriptions and launch titles",thenagz,2026-07-04 05:59:40,12
t1_ovgmkkq,t3_1un0vr4,t3_1un0vr4,gaming,Sony back in itsPS3 era of hubris.,vilsash,2026-07-04 06:29:34,11
t1_ovgm6br,t3_1un0vr4,t3_1un0vr4,gaming,All I see is dreamcasts,NewManufacturer4252,2026-07-04 06:26:12,5
t1_ovgsfhj,t3_1un0vr4,t3_1un0vr4,gaming,"Uh, that obviously just means they want to focus on people with existing PS5's (with games, marketing and monetization), since memory prices have made PS5 expensive so thatthey don't expect a lot of new customers to buy the system anymore. It has nothing to do with physical games at all.",Wooshio,2026-07-04 07:18:59,4
t1_ovgi033,t3_1un0vr4,t3_1un0vr4,gaming,They're doing somany dumb decisions right before next gen,idkimhereforthememes,2026-07-04 05:51:58,14
t1_ovgiyll,t3_1un0vr4,t3_1un0vr4,gaming,All that means is that everything will go up and up in price. Ps plus is what keeps playstation uses to make the most profit so expect that to keep going up to offset things. ,lollipopwaraxe,2026-07-04 05:59:48,5
t1_ovgnet9,t3_1un0vr4,t3_1un0vr4,gaming,They can monetize deeez nuts 🥜 l,KungFuChicken1990,2026-07-04 06:36:41,6
t1_ovgpafj,t3_1un0vr4,t3_1un0vr4,gaming,"""Make money from our customers"" is such a crazy thing for the CFO of a company to say!",Cafuzzler,2026-07-04 06:52:28,2
t1_ovgs5w1,t3_1un0vr4,t3_1un0vr4,gaming,"The crazy amountof misinformation given in this subreddit is alarming. Not nearly as alarming as all the fools who believe it. Anything to justify moving forward though, right?",speedster1315,2026-07-04 07:16:43,2
t1_ovgs4pl,t3_1un0vr4,t3_1un0vr4,gaming,Existing installbase will drop significantly but sure they can monetize whatever’s left,XInceptor,2026-07-04 07:16:26,1
t1_ovgscaf,t3_1un0vr4,t3_1un0vr4,gaming,All I take from this is that they're less focused now on growing the install base and are more focused on getting more games out to people. I think most of you are overreacting ,BugsMax1,2026-07-04 07:18:14,2
t1_ovgtj22,t3_1un0vr4,t3_1un0vr4,gaming,"Why didn't they just make ""cartridges"" like the Nintendo Switch?",No_Salamander_4348,2026-07-04 07:28:28,1
t1_ovgppqw,t3_1un0vr4,t3_1un0vr4,gaming,"the last game i bought physically was the new 007 and i havent played it for more than like 20 mins. Had i waited until it was on clearance to start, i couldve saved myselflike $40. this could never happen on PSN they way they’re talkin.",a_o,2026-07-04 06:56:04,2
t1_ovgkg1w,t3_1un0vr4,t3_1un0vr4,gaming,"Yep, they're looking to extract more money from the existing player base because the home console player base and PS Plus subscriber numbers have plateaued for 6/7 years. Anyone who thinks getting rid of physical discs is because of the whole digital vs physical sales are delusional. It's purely about more money for them.",Saiyan_Gunner,2026-07-04 06:11:58,1
t1_ovgyjrd,t3_1un0vr4,t3_1un0vr4,gaming,They know ps6 isgoing to be a very slow transition compared to normal for gamers. They want to make sure they'll be able to make the money back on ps6 from the ps5,Xero_id,2026-07-04 08:11:51,1
t1_ovgz7hf,t3_1un0vr4,t3_1un0vr4,gaming,"CFOs it’s almostlike their business decisions are entirely led by Excel, and they’re incapable of independent thought….",TheObrien,2026-07-04 08:17:39,1
t1_ovh0vqi,t3_1un0vr4,t3_1un0vr4,gaming,With what money lmao no one has money anymore for anything,hypnomancy,2026-07-04 08:32:36,1
t1_ovh3s58,t3_1un0vr4,t3_1un0vr4,gaming,"Jokes on them, I'm not buying anything from them.",0101-ERROR-1001,2026-07-04 08:58:38,1
t1_ovh3wb0,t3_1un0vr4,t3_1un0vr4,gaming,So are they actually gonna release new games or....,d4electro,2026-07-04 08:59:41,1
t1_ovh4skm,t3_1un0vr4,t3_1un0vr4,gaming,If you still choose to buy consoles after watching the past 5 years. You get what you deserve. I stand firm on that. I have zero sympathy.,Jayian1890,2026-07-04 09:07:45,1
t1_ovh50th,t3_1un0vr4,t3_1un0vr4,gaming,"That quote sounds awful, but it does not automatically mean killing used games. It probably means more subscriptions, digital purchases, add-ons, and attempts to keep everyPS5 owner spending.",WanderingNPC59,2026-07-04 09:09:47,1
t1_ovh4ykw,t3_1un0vr4,t3_1un0vr4,gaming,“Monetize the installed base” is corporate language for finding new ways to charge people twice.,CriticalFail44,2026-07-04 09:09:14,1
t1_ovgjue4,t3_1un0vr4,t3_1un0vr4,gaming,Milking every Playstation fanboys who have defended Sony's bad decisions throughout the years,GamingIndustryIsFcck,2026-07-04 06:07:00,1
t1_ovgjtr4,t3_1un0vr4,t3_1un0vr4,gaming,"That's what I call a monopoly...  As such, I demand Sony allows other store fronts on the playstation and installation of games/app from other sources than just playstationstore.

They wanna play stupid games, they will win stupid prizes.",DoomerSloth,2026-07-04 06:06:52,0
t1_ovgmyrj,t3_1un0vr4,t3_1un0vr4,gaming,"Lol they are a business not a charity for gamers, they answer to shareholders. Same as Microsoft - such is life!",DarthBully,2026-07-04 06:32:54,1
t1_ovgrd9k,t3_1un0vr4,t3_1un0vr4,gaming,"I mean, the AI slop bonanza has all but killed the console hardware market, so of course the strategy is to try to get more from current owners.",FredFredrickson,2026-07-04 07:09:56,1
t1_ovgl81e,t3_1un0vr4,t3_1un0vr4,gaming,"Yeah cool, I'll just start buying all my games on Steam instead",zillskillnillfrill,2026-07-04 06:18:21,1
t1_ovgpe1p,t3_1un0vr4,t3_1un0vr4,gaming,how about if we demonitize by not buying from them.,lolcatzuru,2026-07-04 06:53:19,1
t1_ovgol1x,t3_1un0vr4,t3_1un0vr4,gaming,You always were monetized bro,Area51_Spurs,2026-07-04 06:46:32,1
t1_ovgupmh,t3_1un0vr4,t3_1un0vr4,gaming,"Stuff like this is why I'm done with Playstation. It's not just about killing off physical. It's horrible business decisions like *Concord*, or spending billions on Bungie just to kill off the *Destiny* franchise. It's being asked to pay a monthly fee to backup my saves or access online features in *Bloodbourne*. Speaking of which, they spent $300 million on *Concord* but not a slamdunk PS5 *Bloodbourne* remaster. Stupid. Just complete stupidity over at Playstation HQ. Playstation has lost my trust and confidence. I'm done. I'm out.",CompulsiveGardener,2026-07-04 07:38:33,0
t1_ovgyr87,t3_1un0vr4,t3_1un0vr4,gaming,"image source

[https://pbs.twimg.com/media/HMRAdXlWIAAI4Dc?format=jpg&name=large](https://pbs.twimg.com/media/HMRAdXlWIAAI4Dc?format=jpg&name=large)",SAjoats,2026-07-04 08:13:40,1
t1_ovgnkjs,t3_1un0vr4,t3_1un0vr4,gaming,"Class action lawsuit time. Regulate the f* out of them. 

Show some restraint and vote with your wallets. Play your backlogs. We have all the power and hit them where it hurts good.",krazygreekguy,2026-07-04 06:38:00,0
t1_ovh0vhv,t3_1un0vr4,t3_1un0vr4,gaming,"Come on people. They are like any other business. They want to make money. No one is forcing anyone to buy their products. Their profit margin was like 11%, which is terrible. Any other company would also make whatever changes they need to to boost profits.

I can’t believe how outraged and surprised people are.",CutMeLoose79,2026-07-04 08:32:33,0
t1_ovgqjlx,t3_1un0vr4,t3_1un0vr4,gaming,"There are peoplein the comments that are saying well I'm just going to keep my PS5 and my digital library. What happens when they don't plan on honoring those licenses in the future? What happens when they charge you to renew them? Or cancel all online services for ps5. The PS5 time is finite. It only took ten years for ps3 to shut down it's services. You can expect Sony to follow a similar path with PS5 and now that they have complete control over the digital market, they will try to expire our game licenses just wait",Dethproof814,2026-07-04 07:03:03,0
t1_ovgrsaj,t3_1un0vr4,t3_1un0vr4,gaming,"No innovation, no additional value to their biggest customers, just new ways to extract more money from them",NotAnIBanker,2026-07-04 07:13:30,0
t1_ovgo43w,t3_1un0vr4,t3_1un0vr4,gaming,I hope gamers wake the fuck up and dump this shitty company…they lost the plot years ago and completely driven by greed now.,xkirbz,2026-07-04 06:42:37,-2
t1_ovgt7lk,t3_1un0vr4,t3_1un0vr4,gaming,Network servicesrevenue is just a fancy corporate translation for jacking up the price of ps plus by another 30 bucks while still offering absolute garbage for the monthlygames.,Major_Win6817,2026-07-04 07:25:43,0
t1_ovgp1xd,t3_1un0vr4,t3_1un0vr4,gaming,This and their pivot to manufacturing ai and data center components by repurposing their optical/component factories,ThatEdward,2026-07-04 06:50:28,-1
t1_ovh3jja,t3_1un41yf,t3_1un41yf,gaming,If they made it action RPG it would be hilarious ,DeadLalafell,2026-07-04 08:56:31,112
t1_ovh4oht,t3_1un41yf,t3_1un41yf,gaming,It's going to bea rhythm game,Caciulacdlac,2026-07-04 09:06:43,18
t1_ovh3wbp,t3_1un41yf,t3_1un41yf,gaming,"This article just keeps repeating the same thing over and over again, it’s so obnoxious to read.",dgtssc,2026-07-04 08:59:42,20
t1_ovh40by,t3_1un41yf,t3_1un41yf,gaming,Full frontal ,Xenoclysm,2026-07-04 09:00:41,30
t1_ovh3mir,t3_1un41yf,t3_1un41yf,gaming,"What do you meannext game?  
Exp33 already had decisions that many people didn't like and are still fighting over to this day lol.

",Blubbpaule,2026-07-04 08:57:15,41
t1_ovh388v,t3_1un41yf,t3_1un41yf,gaming,Good,Akito_Fire,2026-07-04 08:53:45,38
t1_ovh5h0o,t3_1un41yf,t3_1un41yf,gaming,Judging by recent events it’s going to be digital only 😂,Mir3y,2026-07-04 09:13:53,5
t1_ovh59ga,t3_1un41yf,t3_1un41yf,gaming,"If people think this team will keep pumping out turn base rpg, then they really havnt talk to many creatives lol IMO considering how this team operates based on inspirations, passion, and art. There is a good chance they want to create something really different from their first project. A pure action game or even visual novellike slay the princess. I would love another rpg but if i have to guess the chance are low. Creatives dont like doing cookie cutter over and over",Glum-Supermarket1274,2026-07-04 09:11:58,3
t1_ovh4kcl,t3_1un41yf,t3_1un41yf,gaming,Okay,MaxProwes,2026-07-04 09:05:41,2
t1_ovh541y,t3_1un41yf,t3_1un41yf,gaming,As long as the ending makes none of those decisions matter again ,Eat--The--Rich--,2026-07-04 09:10:36,2
t1_ovh4p75,t3_1un41yf,t3_1un41yf,gaming,"I'm not clear onwhat they've established from one game to cause controversy by changing. It's not like it's Tekken changing to a farming simulator. 

Crash Bandicoot changed to a racer and people loved that. ",drbroly,2026-07-04 09:06:54,2
t1_ovh4ucw,t3_1un41yf,t3_1un41yf,gaming,Way better than the only choice being ending A or B right at the end.,Livio88,2026-07-04 09:08:12,1
t1_ovh60xs,t3_1un41yf,t3_1un41yf,gaming,"With Expedition 33 they made Final Fantasy x Persona x Sekiro, three of Guillaume's favorite games. This can only mean that their next game is gonna be Devil May Cry x Journey.",Kalernor,2026-07-04 09:18:58,1
t1_ovh5ewg,t3_1un41yf,t3_1un41yf,gaming,Good. We need more varied high budget games,SephirothTheGreat,2026-07-04 09:13:21,1
t1_ovh5mse,t3_1un41yf,t3_1un41yf,gaming,Good.,Kalernor,2026-07-04 09:15:21,1
t1_ovh4t9m,t3_1un41yf,t3_1un41yf,gaming,I think it’ll befine ,Xeadriel,2026-07-04 09:07:56,1
t1_ovh6ngu,t3_1un41yf,t3_1un41yf,gaming,I hope Sandfall becomes the Western equivalent of Vanillaware and don't stick to one genre.,CompulsiveGardener,2026-07-04 09:24:39,1
t1_ovh6eie,t3_1un41yf,t3_1un41yf,gaming,I mean... Have you looked at the Endings' debates?,Invictum2go,2026-07-04 09:22:23,1
t1_ovh61az,t3_1un41yf,t3_1un41yf,gaming,Otome game incoming,MiyamotoKnows,2026-07-04 09:19:03,1
t1_ovh6wos,t3_1un41yf,t3_1un41yf,gaming,"That kind of warning only makes me more interested. Clair Obscur worked because it had a clear identity, so I'd rather see bold choices than a safe repeat of the first game.",CosaNostra4258,2026-07-04 09:27:02,1
t1_ovh6w4s,t3_1un41yf,t3_1un41yf,gaming,Good. I'd ratherthey take a real creative risk than sand every edge off to keep everyone comfortable.,OmertaKnight44,2026-07-04 09:26:53,1
t1_ovh7bwk,t3_1un41yf,t3_1un41yf,gaming,Drastic decisions are how you make real art and not milk toast drivel.,rpolasek95,2026-07-04 09:30:53,1
t1_ovh4kqv,t3_1un41yf,t3_1un41yf,gaming,Hope it's not Aigiven the precedent ,CharlesEverettDekker,2026-07-04 09:05:47,-1
t1_ovh3wji,t3_1un41yf,t3_1un41yf,gaming,They're ex Ubisoft employees so I can only imagine what they think drastic decisions are ,JCarterMMA,2026-07-04 08:59:45,-2
t1_ovh3n11,t3_1un41yf,t3_1un41yf,gaming,"Oh no! 

Is there gonna be a girl with visibly imperfect skin or heavens forfend an adult petite girl  ?

These two seem to be the worst things you can do according to current online discourse",kane49,2026-07-04 08:57:22,-4
t1_ovh5240,t3_1un41yf,t3_1un41yf,gaming,"Oh well, I hatedthe endings of Act 1 and Act 3 so that's nothing new.",Harley4L,2026-07-04 09:10:07,-1
t1_ovdnzxt,t3_1umoa5m,t3_1umoa5m,gaming,"Improved NPC AI?!?

Oh, Must've been the wind....",kfretlessz,2026-07-03 19:55:03,1727
t1_ovh44on,t3_1un41yf,t3_1un41yf,gaming,"In one hand it is a recipe for greatness. going for the creative energy focus, bloosoming and nurtering skills and talents. It is where most, if not all, capitalized companies fail.

 In a second hand modesty only goes so far, they provoked a landslide in the jrpg genre with companies like Square Enix really taking a ""cultural hegemony"" suckerpunch. It won't be the same anymore. Just because the company stays straight, maybe people inside won't. They need to channel the Hubris and frankly, I'm a bit disapointed that they seem to make a virtue staying small. Human activity is not a Bonzaï tree, I'm not capitalist but I don't liketaxidermists...",gagaluf,2026-07-04 09:01:45,-3
t1_ovh4if3,t3_1un41yf,t3_1un41yf,gaming,"Doubling down onAI, probably.",soganomitora,2026-07-04 09:05:12,-7
t1_ovh3z99,t3_1un41yf,t3_1un41yf,gaming,Way ahead of them on the not liking part. Expedition 33 is hilariously overrated. Written like an afternoon soap opera ,polarice5,2026-07-04 09:00:26,-24
t1_ovdookr,t3_1umoa5m,t3_1umoa5m,gaming,"It honestly depends on the game, and how much time/money/effort the devs are willing to put in. There are games made today that still have shitty AI. And there are games from 10-15 years ago that had absolutely incredible AI.

i.e. see Alien Isolation. Came out in 2014, but the system that controlled the alien was very complex, and actually used two separate AIs; one directly in control of the alien—that didn't know where the player was—and a second ""director"" AI that would feed it hints based upon the players actions and other things happening on the map. The alien would then actively try to hunt in that area, and according to the hints its been given, whilst not actually *knowing* where the player is.

The result was a very natural and ""alive"" feeling predator that actively hunts the player.

And then there are games coming out in 2026 with characters that can barely handle pathfinding...

Edit: if you go back even further than that, there's Thief: The Dark Project, that came out in 1998. To this day, the original Thief games *still* have absolutely unbeaten stealth mechanics and the most advanced AI/NPC ""vision"" that I've ever seen in any game, period. There's actually a whole paper out there somewhere explaining the games AI sensory system.

The way that enemies and NPCs react to the player, sounds around them, etc. etc. was incredible not only for 1998, but honestly, far far better than the shitty ""detection meter"" crap we have in every stealth game these days. Enemies had peripheral vision (and might not be 100% sure if they saw you or not, if it was just in the corner of their eye), light/shadow and movement mattered, the surface you're walking on mattered, your speed affected how loud you were, your distance to the NPC etc. etc.

It genuinely felt like sneaking around people, rather than playing some mini game where you see  a bar above the enemies head fill up before they've ""seen"" you.",New_Box8484,2026-07-03 19:58:17,408
t1_ove1qik,t3_1umoa5m,t3_1umoa5m,gaming,"You could make them “smart” as I’ve read in the comments. But I don’t think people are really looking for the traditional computer smart that a lot of NPCs can be. Like never missing a shot or being the most efficient in any given scenario. 

Like, when I play tactical PVE shooters with my friends, my biggest frustration isn’t that the NPCs are smart. No. It’s that unlike us, who are communicating and trying to NOT die, the NPCs show no fear. They know no fear. They cannot be duped or be intimidated. At that point I’m not fighting a “smart AI” I’m fighting a terminator. ",Adamal123,2026-07-03 21:00:04,393
t1_ove7cc1,t3_1umoa5m,t3_1umoa5m,gaming,"Writing fake intelligence for enemies in a way that players feel is fair *and can understand what the enemy is doing* is a lot harder than it seems. Thats an art form basedon a feeling a developers has, and what sets some of the best games apart.",MadeByTango,2026-07-03 21:27:28,38
t1_ovdw2rv,t3_1umoa5m,t3_1umoa5m,gaming,"Kinda, the secret is that you dont want it to.

The prime example is in the batman games the goons are coded to basically never turn around when you are stalking up to stealth takedown them, because that would go against the ""feeling of being batman"".

Likewise its piss easy to make a shooter enemy that just beams headshots at you, the real trick lies in making them hit you enough to care but not so much you cant do anything about it.

every ai cheats, either in your favour or against you. all of them. because they are always programmed with a specific purpose rather than ""being smart""",ZoulsGaming,2026-07-03 20:33:25,300
t1_oveuuwv,t3_1umoa5m,t3_1umoa5m,gaming,"So as someone who has released two games i will tell you that most video game AI is a state based machine. State Machines have different ""modes"" it goes through ie attacking or idle. Most of the time that style of AI is sufficient as the creators of Trepang 2 found out after messing around with programming specific SWAT teamlike moves and find that it fell apart way too fast at the speed that combat goes. They reverted to a much simpler one once they realize it wouldn't matter.

FEAR made a new type called GOAP or ""Goal Oriented Action Planning"" which is sorta like the natural evolution of the state based machine. GOAP makes the AI pick a series of actions starting from the end result and working backward from there. For example ""kill the player"" can be broken up into smaller actions done in order: shoot the player, walk to range, enter room, open door. This is slow and very process intensive and the steps are usually determined in smaller chunks but if you want to read more the creator of GOAP wrote an MIT paper you can read. Lots of people mistakenly believe the enemies can communicate plans to each other but in actuality they have no idea about each other in general.

Left for Dead uses state machines and a director AI that let's the state machines know just a bit more information the help them actually pose a challenge.

Alien Isolation uses GOAP and a director so the alien has anidea of where to search but not exactly your location while the director tells it a general area to search or to back off if its being too aggressive.

The trick to good AI is to really get in the weeds with all the information you can give the AI. The hard part about that is creating an action plan for eachindividual bit of info you give them. What if they can hear the player but can't see them? What if they are on low health? How long should a guard search for a sound?

HALO reach (i think it was this one) has different AI for each difficulty level for mutiplayer bots that are coded specifically to act like players at different skills levels. Lower rank bots will not lead shots and will use less movement tech etc.

So yeah my next game will probably be a director with a state machine and maybe a smattering of guys with programming to specifically always flank or whatever.",RevScarecrow,2026-07-03 23:33:01,21
t1_ovdupe5,t3_1umoa5m,t3_1umoa5m,gaming,"Arc Raiders

This is a little adjacent to what you're asking for because it isn't a game where you turn up the difficulty on, but I think firmly speaks to what you're inquiring about.

Embark invested significantly in developing the enemies. It took considerably more development time, effort, and money than they initially anticipated. 

The result was worth it though. The enemies are a genuinely revolutionary step forward in enemy ai tech. I'm really hoping in the coming years we see more studios trying to replicate what Embark did with Arc Raiders.

The enemies are essentially synthetic autonomous digital robots that react,recoil, feint, bait, and attack on the fly. Both their physical reactions to and decision matrices are all on the fly. There is some light scripting but almost all of it is completely unscripted.

The result are enemies that feel significantly more organic than you're used to in basically any other game you've ever played.

I'll update this with a link to a little development doc that's actually pretty interesting and a good watch, talking with the developersabout it. Embark brought in some heavy hitter specialists for the development from outside of the game dev sphere.

""The Evolution of Arc Raiders EP3 - Building ARC Machines""
https://youtu.be/DRlhpzc7ImA",savant_idiot,2026-07-03 20:26:50,86
t1_ovdo7tq,t3_1umoa5m,t3_1umoa5m,gaming,"Depends on the game, some games have great AI like alien isolation and others don’t and either make bullet sponges or as you said make them cheat ie rubber banding in racing games.

One game I wanna say tries is TLOU2 only when out of stealth. Enemies will attempt to flank you while others are covering them so it does make them harder in the way you describe but that’s also coupled with lower health for you too.

I think the main issue is as an older gamer you’re just too good at being human which is thinking and adapting to situations in real time so even on really hard difficulties for non technical games the challenge may notlive up to your expectation.",HeySiri_,2026-07-03 19:56:05,39
t1_ovdsxtg,t3_1umoa5m,t3_1umoa5m,gaming,I'm old enough to remember when the Half Life military flanking you and throwing grenades was a big deal...,Arclite83,2026-07-03 20:18:27,18
t1_ovdonsm,t3_1umoa5m,t3_1umoa5m,gaming,Yes quite a bit.Many studios have found it isn’t fun when enemies are too smart. Have you ever played a game where enemies always hide behind cover and don’t ever give youan option to shoot them. Or they exclusively focus the player because they are the highest threat.,Sammystorm1,2026-07-03 19:58:11,66
t1_oveyggb,t3_1umoa5m,t3_1umoa5m,gaming,"I'll tell you who hasn't improved their AI: Battlefield 6. 

The bots might as well be target dummies. ",im_thatoneguy,2026-07-03 23:52:55,5
t1_ovdtga3,t3_1umoa5m,t3_1umoa5m,gaming,I need a smart AI vs a smart AI and I am an ally of one of those. That could be amazing,shinitakunai,2026-07-03 20:20:52,6
t1_ovfr7u0,t3_1umoa5m,t3_1umoa5m,gaming,"The most notabletitles with some form of AI advancement I can recall of recent years:

\- Alien Isolation (Director system)  
\- Project Zomboid (LFD inspired director)  
\- Transformers series (Hierarchical Task Networks)  
\- Guild Wars 2 (Infinte Axis Utility System)  
\- Warframe (iirc experimenting with machine learning and neural nets)  
\- Age of Empires IV (machine learning)  
Etc 

Theres also a slew of LLM npcs emerging but I’m less interested in that. ",Bribz,2026-07-04 02:40:01,4
t1_ovdy8wr,t3_1umoa5m,t3_1umoa5m,gaming,"Yeah, now you can absolutely have AI that is AI we know these days. Here for example is me vs Nexto: AI bot in Rocket League designed for training and practise (in this case, to smash the player). They had different models so you could train different aspects of the game. In the end btw people took those open source AIs and started making money on it by boosting rangs.

[https://www.youtube.com/watch?v=xC7FdmbOCOA](https://www.youtube.com/watch?v=xC7FdmbOCOA)

There are for example Dota 2 International winners vs OpenAI  
[https://www.youtube.com/watch?v=tfb6aEUMC04](https://www.youtube.com/watch?v=tfb6aEUMC04)",FurryWurry,2026-07-03 20:43:36,4
t1_ovdtgdu,t3_1umoa5m,t3_1umoa5m,gaming,"I think that maybe the best example in modern games might be Breath of the Wild. As Link gets stronger, the enemies that appear get stronger too. They do the silly stat boosting thing, but the enemies also get smarter.

Red Bokoblins are dumb. They generally walk straight towards you if they have a weapon or go to pick something up to hit you with or throw at you. It's easy to make them drop their weapons or fall over. As Bokoblins get smarter (blue < black < silver < gold) they change their tactics. They'll dart to the side if you aim your bow at them, kick bombs back at Link, avoid metal during storms, light their wooden weaponson fire.

Enemy AI in video games is weird. Generally speaking it's easier to make a bullshit AI that always knows where you are and has perfect accuracyrather than a believable AI that has to pretend like it doesn't know where you are and needs to navigate to attack you. ",Thopterthallid,2026-07-03 20:20:53,21
t1_ovdo50d,t3_1umoa5m,t3_1umoa5m,gaming,"Better NPC AI has been a thing for quite a while now. The first F.E.A.R. still has smarter enemies than the vast majority of games coming out today. It's just a really hardthing to do, so most devs don't bother beyond ""good enough.""",soulsofjojy,2026-07-03 19:55:43,34
t1_ove55y5,t3_1umoa5m,t3_1umoa5m,gaming,"[AI War](https://store.steampowered.com/app/40400/AI_War_Fleet_Command/) is probably the best example of the ""AI"" getting smarter as you increase difficulty, not just given free stuff.",theqmann,2026-07-03 21:16:42,6
t1_ovegtho,t3_1umoa5m,t3_1umoa5m,gaming,great question! i highly recommend alien isolation - its ai director actually learns your hiding spots and adapts to your playstyle. makes every encounter feel fresh and terrifying!,lethingocanh1998hd,2026-07-03 22:16:51,3
t1_ovffzgg,t3_1umoa5m,t3_1umoa5m,gaming,Splattercatgaming on YouTube talks about this sometimes when he's playing games. One of his recent videos was on a game called No Man's Home. The NPCs are basically competing for the same resources as you. They'll interrupt quests you're on by grabbing items you're looking for and they'll wait you out if you take cover. He mentioned that one literally set up in such a way that he could get a clear headshot if he went up some stairs. So it's definitely possible. ,HowManyMeeses,2026-07-04 01:30:39,3
t1_ovfi226,t3_1umoa5m,t3_1umoa5m,gaming,The enemy AI in the last of us part 2 on grounded is insane. They will flank you with insane precision but it always feels fair and realistic. ,theangryburrito,2026-07-04 01:43:22,5
t1_ovfpm22,t3_1umoa5m,t3_1umoa5m,gaming,I recall readinga thread where the enemy units in MGSV adapted depending on how you play (Headshots? Enemies start wearing more helmets. Sneaking by at night? More spotlights. Daylight brute force raid? Gunships and tanks are called in).,Ok_Ebb_3668,2026-07-04 02:29:49,4
t1_ovf0tek,t3_1umoa5m,t3_1umoa5m,gaming,"I read developerdiscussion on this years ago. Devs CAN make “smarter” enemy AI, but then players ALWAYS complain that the computer is “cheating” and that the death was “unfair”. Enemies in games are dumb because players think they’re better than they really are so the devs have to give them that fantasy. eg enemies shooting at your back have decreased accuracy so you don’t feel like you’re being cheated by being shot in the back ",mrwafu,2026-07-04 00:05:47,7
t1_ovfhivt,t3_1umoa5m,t3_1umoa5m,gaming,"The thing is that we've kind of hit a wall when it comes to AI at least this version of it. It's very very easy to make smart and logical AI always making the right decisions always hitting the headshots etc etc. The problem is, that's not fun. So most AI work is to actually make them dumber and more human like. Which is really hard And tedious. And even then at the end of the day it's still just a list of parameters making it by definition exploitable. In strategy games they usually use the cheats instead of pumping up the AI to give the human player a chance because otherwise the AI would almost always win.",thomas2696,2026-07-04 01:40:08,3
t1_ovfldjb,t3_1umoa5m,t3_1umoa5m,gaming,"Of course not! Games these days come with 3 or more different difficulty levels, the lowest level often controlling your character for you and making you take no damage. Ifyour game isn't a constant dopamine stream, the modern gamer will just go back to social media.",Exotic-Technician549,2026-07-04 02:03:35,3
t1_ovdr96t,t3_1umoa5m,t3_1umoa5m,gaming,F.E.A.R is peak enemy AI. The AI made the game what it was for me.,SediteGuy,2026-07-03 20:10:26,7
t1_ovg4o65,t3_1umoa5m,t3_1umoa5m,gaming,"We’ve had the tools to make really smart NPC‘s for quite a long time now. Fear back in the 2000s laid the majority of the groundwork for smart, communicating opponents thatreacted to what you were doing in real time.

The thing is, having incredibly smart NPC‘s is not always actually what you want from a game design perspective. In a lot of cases, predictability is usually more fun for the player to work with.",Lancashire_Toreador,2026-07-04 04:09:28,3
t1_ovfysdi,t3_1umoa5m,t3_1umoa5m,gaming,"making smarter ai generally has extreme diminishing returns on difficulty and harms perceived fairness.

go play against stockfish in chess, it's not an enjoyable experience.

thinking smarter ai will make the game better is a classic gamer misconception.

historically, the best ways to scratch the actual itch those players are asking for is to telegraph enemy decision making more clearly (FEAR radio chatter), perform simple tactics that surprise the player (send a section of a group to flank, e.g. combine soldiers in episode 2), make the ai improve over time somehow (alien isolation's alien searching places the player has been previously) or make units indirectly work together in ways that make them appear to be intelligent, but are actually simple changes (making armored units more agressive or faster so they are more often in front of weaker units)

conversely, the worst ways to make ai genuinely smarter make the game feel worse for the player. having AI intelligently react to sounds at realistic distances will result in the player being assaulted by a horde of enemies the first time they fire a gun. having npcs remember things for longer than 15 seconds will result in stealth being basically impossible once the player blows cover. having npcs call for reinforcements, retreat and take strategically smart positions, and use proper tactics like forcing the player into the open or into choke points where their increased numbers make them certain to win are going to be miserable for the player. not to mention anything clever your ai does when it's out of the players direct line of sight cost you CPU time, didn't impress your player, and often leads to a situation where a player gets massively punished by an intelligent npc with no understanding of the chain of events that led to them getting punished, which can feel like the game is 'cheating' or 'unfair'.

if you want your enemies to appear smarter, it's 90% of the time a design question, not an AI system question",redditsuxandsodoyou,2026-07-04 03:29:17,3
t1_ovdzexq,t3_1umoa5m,t3_1umoa5m,gaming,I wanna say the James Bond First Light game by the Hitman devs had some of the most advanced AI so far. Probably GTA6 will be the next notable example.,RaptorX7,2026-07-03 20:49:12,5
t1_oveed4b,t3_1umoa5m,t3_1umoa5m,gaming,"Sadly no, absolutely not. From what i know, the F.E.A.R NPCs from decades ago is still regarded as one of the smartest if not THE smartest one together with the Alien from Alien Islolation.",Serres5231,2026-07-03 22:03:37,5
t1_ovezgop,t3_1umoa5m,t3_1umoa5m,gaming,"In the total warfranchise, the difficulties are split between battle and campaign difficulty.

Increasing battle difficulty actually makes the AI play better. Going fromNormal to Very Hard, you might get surprised by how the AI suddenly starts trying to dodge artillery and spells, uses their cavalry to flank, and is more likely to try to snipe your lords/heroes with ranged units 

Unfortunately the campaign difficulty just gives them better numbers as the difficulty goes up",Sextus_Rex,2026-07-03 23:58:38,2
t1_oveherq,t3_1umoa5m,t3_1umoa5m,gaming,Fire Emblem: Genealogy of the Holy War from 20 years ago. ,TRayquaza,2026-07-03 22:20:00,2
t1_oveth3a,t3_1umoa5m,t3_1umoa5m,gaming,"It's hard to make AI feel smart without them feeling like they are cheating.

AI is one of the aspects of games that didn't really see a lot of improvement throught the generations.

You can't make them smart but you can trick the player into thinking they are.

Making the AI communicate to the player what it is doing isone of those tricks.

""I'm flanking, cover me!"" ""Go around the side!"" ""I heard something, come with me.""

Quips like that will make the AI feel smart because it is ""making plans"". But really they are following their script.",Stanislas_Biliby,2026-07-03 23:25:12,2
t1_ovfd581,t3_1umoa5m,t3_1umoa5m,gaming,"Devs have talkedabout this, and they hit a point where the AI got too good that it started to make people have less fun. 

  
You think you want a squad of enemies closing you off, pinning you down, and then flushing you with a grenade. But you don't. Because if they did it well, you would have no counterplay and just die.",Makhai123,2026-07-04 01:13:39,2
t1_ovfdmzp,t3_1umoa5m,t3_1umoa5m,gaming,"After playing many mods in many games, I feel like AI can be capable and realistic if the devs spend time on them, but they just don't care that much about that aspect of the game over making the gameplay more fun and so on.

Also, I am sure AI are intentionally designed to bad as a less difficult game tend to sell more these days.",Goliath764,2026-07-04 01:16:31,2
t1_ovgmplj,t3_1umoa5m,t3_1umoa5m,gaming,"No.  Frankly, game ai is a very challenging topic, because players mostly don't want super-smart.  Like, chess engines are massively better than any human player.  If you put magnus carlson vs stockfish in a longish time control, I'm pretty sure stockfish wins every single time.  However, almost no one actually plays full-on stockfish.  It's just not fun.

Similarly, in 4x/grand strategy games, optimal play isn't necessarily fun to play against.  Like, if you ally yourself withabraham lincoln in civ, an honest+just character in crusader kings, or karl franz in total war warhammer, you sort of expect those people to honor that alliance.  If they immediately turn around and stab you in the back as soon as it is most favorable to them, then that would sort of hurt the experience.

Soyeah, in practice, game ai isn't about making the most skilled, most effective ai.  Instead, it's about making the ai that is the most enjoyable to play against.  And in many ways, that is a much harder task to accomplish, because ""fun"" means different things to different people.",retief1,2026-07-04 06:30:44,2
t1_ovgzzjg,t3_1umoa5m,t3_1umoa5m,gaming,"It is surprisingly tricky to make enemies feel intelligent as individuals while also preventing them from coordinating perfectly in ways humans can't win. Games want to strike a balance where enemies feel good to play against, not create a system where players always lose.",platinummyr,2026-07-04 08:24:36,2
t1_ovgklbw,t3_1umoa5m,t3_1umoa5m,gaming,I thought the two AIs in alien isolation was quite clever and well done.  The xenomorph did feel uncannily smart and I had to constantly change up my tactics much faster than I was comfortable with!,fatchamy,2026-07-04 06:13:10,2
t1_ovdsvz3,t3_1umoa5m,t3_1umoa5m,gaming,"AI in videogame NPCs have been advanced for quite a while now… however, it boils down to player experience in the end. The first FEAR game had enemies that communicate and try to flank the player. However, players do not enjoy getting shot out of nowhere (they prefer seeing enemies they can see shooting at them), so it’s always tuned down and replaced with more aggressive behaviour. Depends on the game, ofc. ",SixFootMunchkin,2026-07-03 20:18:12,1
t1_ove7hir,t3_1umoa5m,t3_1umoa5m,gaming,"Haven't seen it mentioned yet, but Subnautica has some crazy AI. Every single creature in that game has various behaviours that most people would never notice. Things like reaction to light, sound, and the player, as well as predation desires and stimulus.

For example, there's a creature in Subnautica 2 that will actively hunt and charge the player if you enter its territory, but standing your ground and looking directly at it causes the creature to abort its charge and back off.",KrimsunB,2026-07-03 21:28:12,2
t1_ovdwpv5,t3_1umoa5m,t3_1umoa5m,gaming,"On top of putting more load on CPU with more complex instructions, smart opponent can be obnoxious to fight.

I mean any FPS or ARPG game has enemies positioned for your convenience. No smart enemy will come at you in small groups after you slaughter a dozen at a time. They will fall back and hold chokepoints, they will lay down suppressive fire, they will coordinate to flush you into gunfire with grenades, etc. These tricks, even if do not make a level outright unbeatable, waste your time and resources, forcing you to play very slowly and methodically, which few players would actually enjoy in a conventional game. 

You cannot have the enemy be tactically smart AND convenient for the player.

And then there's approach Helldiver devs took where higher difficulty missions have different enemy types and objectives. So now players feel robbed of content when they play lower difficulties.",_Weyland_,2026-07-03 20:36:26,1
t1_ove23be,t3_1umoa5m,t3_1umoa5m,gaming,"When I was youngwe called what you kids call AI, ""the computer"". Given recent trends I was correct to never stop",Monotonegent,2026-07-03 21:01:48,2
t1_ovdyunx,t3_1umoa5m,t3_1umoa5m,gaming,"Most AI that actually has a decently wide slider, is just cheats, because it's very hard to add that much granularity to an AI, without having a huge difference in the complexity they take to run.

But AI that doesn't have a slider, and just exists, has got some improvements, at least being controlled more dynamically, and thus able to deal with more random environments or situations. The real problem is they're not necessarily ""smarter"" as in better, they're just smarter as in they can actually deal with those random things, which requires an entirely different process. But they have to limit how far they go, as AI will very rapidly demolish CPU power, so any lower end power scale isn't going to be able to handle it very well, and having AI difficulty work like graphics, apparently isn't popular.",XsNR,2026-07-03 20:46:27,1
t1_ovdzzr7,t3_1umoa5m,t3_1umoa5m,gaming,"No. Most Games make ""AI"" stupid on purpose. Fighting smart Enemies wouldn't be much fun in most Games.",JealousRefuse88,2026-07-03 20:51:57,1
t1_ove25jh,t3_1umoa5m,t3_1umoa5m,gaming,"It has actually,I work on one of the big live service games and a few years ago we switched our practice mode bots to be machine learning bots instead of scripted bots. They are legitimately good at the game now and we have to add hard limiters to not fuck up the game for newer players who are the most likely to encounter them. The top players still beat them pretty handily though ",SoCalThrowAway7,2026-07-03 21:02:06,1
t1_ove5w7c,t3_1umoa5m,t3_1umoa5m,gaming,Redfall AI ,RDGtheGreat,2026-07-03 21:20:17,1
t1_ove6o8z,t3_1umoa5m,t3_1umoa5m,gaming,"If you played a game with the intentionally best opponent logic possible you would really hate it.  FPS, you are shot perfectly from across the map by a bot the second you spawn.  Stealth game, enemies never forget that they saw an ally murdered or that someone took a shot at them, they immediately call for backup and take cover and do not leave it.  Sports game, all opponents work in perfect synchronicity and never miss a shot.  An ARPG where every player attack is blocked.

Some problems are really easy for a modern computer to solve, vastly better than a human, especially when that computer is simulating the entire world and has perfect information about the situation and what the player is doing.  Other problems involving predicting human behavior many moves in advance are mathematically harder.  

The hard part of 'AI' is making it bad and dumb but not too bad and dumb so people can feel like winners.",thegooddoktorjones,2026-07-03 21:24:07,1
t1_ove5nz0,t3_1umoa5m,t3_1umoa5m,gaming,"Enemy AI in video games is intentionally dumbed-down to make for a more enjoyable (or *accessible*) experience.

Check out F.E.A.R. from 2005. While the enemies do still make dumb decisions sometimes, if you aren't smart about how you play the game it will usually get you killed, and that's at normal difficulty.",Hanzo_The_Ninja,2026-07-03 21:19:10,1
t1_oveacm1,t3_1umoa5m,t3_1umoa5m,gaming,"Not really recently but God of war has an interesting mechanic where let's say you have 5 opponents and only fight 3 of them. The other two just go a bit out of the way andchannel for like 2-3 seconds. Then they level up.

Although as the difficulty increases your HP also drastically decreases.

Kinda changes the fights with multiple enemies quite a bit.",GTFidgeT,2026-07-03 21:42:48,1
t1_oveagk6,t3_1umoa5m,t3_1umoa5m,gaming,"When the scripting is smarter, players complain that it’s cheating.",Kahzgul,2026-07-03 21:43:22,1
t1_oveaw1l,t3_1umoa5m,t3_1umoa5m,gaming,Black and White had incredible AI. You'd never guess the dev went on to found DeepMind. ,CodySkatez2005,2026-07-03 21:45:34,1
t1_ovd785y,t3_1uml8c6,t3_1uml8c6,gaming,"That limit was imposed in 2025, according to the Internet Archive.",StaticSilencer,2026-07-03 18:36:46,569
t1_ovcxsd9,t3_1uml8c6,t3_1uml8c6,gaming,How can there behigh demand if no ones plays physical edition? Sony making no sense,RideSheep,2026-07-03 17:53:36,406
t1_ovdei7s,t3_1uml8c6,t3_1uml8c6,gaming,"High demand can also be due to low supply. I’m willing to bet the don’t have so many drives siting around at this point, just enough for normal demand of people getting ps55 years later and wanting physical as well on a new console.",crimxxx,2026-07-03 19:10:16,6
t1_ovcyfkr,t3_1uml8c6,t3_1uml8c6,gaming,High demand = scalpers flipping on ebay to take advantage of rubes who think physical media ending in 2 years means overpaying today.,SamShakusky71,2026-07-03 17:56:28,1390
t1_ovdah2i,t3_1uml8c6,t3_1uml8c6,gaming,I have an 11TB PS5 Pro with a disc drive. That thing is going to set me up for retirement in a few years. ,AttitudeEraWasBetter,2026-07-03 18:51:44,30
t1_ovczjzz,t3_1uml8c6,t3_1uml8c6,gaming,"Social media pushing how easy it is to be a dropshipper has increased the amount of people who think scalping a bunch of things like this for £20 profit is a legitimate, booming business strategy. ",RichardBackshots,2026-07-03 18:01:33,153
t1_ovdfyd7,t3_1uml8c6,t3_1uml8c6,gaming,"Panic buying, otherwise they would've sold before the announcement.

People are stupid",SirVilhelmOfAriandel,2026-07-03 19:16:59,5
t1_ovd4h38,t3_1uml8c6,t3_1uml8c6,gaming,Just bought one.Not going to be at the mercy of abusive scalpers.,NCR_High-Roller,2026-07-03 18:24:07,9
t1_ovdn7pt,t3_1uml8c6,t3_1uml8c6,gaming,"hasn't it alwaysstated the ""1 per order due to high demand"" ?  it always has on PlayStation Direct UK",jco83,2026-07-03 19:51:17,3
t1_ovcyed1,t3_1uml8c6,t3_1uml8c6,gaming,So glad I purchased one from Gamestop last weekend at the normal price. ,dratsablive,2026-07-03 17:56:20,10
t1_ovcyrpg,t3_1uml8c6,t3_1uml8c6,gaming,"If you believe this is 'demand' for players and not scalpers, please, I beg you, spend 10 seconds and go search ebay for the countless listings for this at $125+ each.",SamShakusky71,2026-07-03 17:58:00,56
t1_ovd3vcv,t3_1uml8c6,t3_1uml8c6,gaming,"wasn't one of the reasons why digital games couldn't have a lower cost was due to stores carrying physical copies. So if that is no longer the case, prices should come downbecause expenses are down now right? right?",Rydisx,2026-07-03 18:21:22,13
t1_ovd0cok,t3_1uml8c6,t3_1uml8c6,gaming,"1. Announce the end of a games on physical disc, and that new consoles will not have a disc drive.
2. Gamers upset about the announcement.
3. Gamers buy all the physical copies of games, and stock up on consoles with disc drives or purchase stand alone disc drives.
4. Wait until inventory on hand is depleted and announce that ""you're listening to the community"" and that future consoles will have the option of having disc drive for a additional price.

Seems like a great way to clear out unsold consoles and physical media by creating a fake bank run style of FOMO for physical media. 



 ",firefighter26s,2026-07-03 18:05:12,17
t1_ovgdltd,t3_1uml8c6,t3_1uml8c6,gaming,"So, they're doubling down, but also forcing to add an 80+ dollar price tag on the disc drive that should have never been taken out of the console. So, if they do the 'minimum' and say something like, ""you can still play PS5 games physically on the PS6, you just have to connect a PlayStation-approved disc drive!"" (This statement alone makes me gag typing this), You are not paying a hypothetical 1000 dollars, it's 1080, possibly even more due to inflation and scalpers hoarding said disc drives. Bruh, this is disgusting and ea-level of scummy practices. Heck, they're laying off people just as much recently and going all in on ""live services"", just missing the shut downs of beloved studios just to make profits!",jkjack0,2026-07-04 05:16:44,2
t1_oveefq2,t3_1uml8c6,t3_1uml8c6,gaming,scalpers heaven ?,wisebluff,2026-07-03 22:04:00,2
t1_ovgexdq,t3_1uml8c6,t3_1uml8c6,gaming,"What's the pointin selling games at retailers if you can get the same exact thing from your digital store, other than exclusive pre-order bonuses?",fiendish_five,2026-07-04 05:27:13,2
t1_ovcy2il,t3_1uml8c6,t3_1uml8c6,gaming,This is getting ridiculous. People will swallow anything.,Embarrassed-Depth-72,2026-07-03 17:54:51,6
t1_ovde99h,t3_1uml8c6,t3_1uml8c6,gaming,Just ditch playstation at that point ,ItzJayki,2026-07-03 19:09:07,4
t1_ovefspf,t3_1uml8c6,t3_1uml8c6,gaming,feels like everything is becoming digital only until you realize you dont actually own anything anymore and that hits harder than it should,PetalHint,2026-07-03 22:11:21,2
t1_ovdo3go,t3_1uml8c6,t3_1uml8c6,gaming,"Looking at this situation, Sony's basically speedrunning the ""artificial scarcity to justify a deadline"" playbook. The 1 per order limit wouldn't exist if people were actually scrambling for a peripheral that lets them play games they can buy in 2 years anyway - it exists because creating panic *about* the deadline is free marketing for the disc drive itself.",Feisty-Influence5464,2026-07-03 19:55:31,2
t1_ovdv4mo,t3_1uml8c6,t3_1uml8c6,gaming,"Everyone out there should cancel Sony. Never give them a single cent, directly or indirectly 
",AlexGlezS,2026-07-03 20:28:53,2
t1_ovd20fz,t3_1uml8c6,t3_1uml8c6,gaming,Sony are not going to bother restocking these. They were out for most of a year at one point that lined up with the pro's launch.,Darkone539,2026-07-03 18:12:47,3
t1_ovdh4rm,t3_1uml8c6,t3_1uml8c6,gaming,"What's this meanfor backwards compatibility in PS6? Here's hoping that they allow us to some how connect the PS5 disc drive to it, definitely doubt it though ",Dantai,2026-07-03 19:22:26,1
t1_ovdefd8,t3_1uml8c6,t3_1uml8c6,gaming,how would buyinggames at retailers in digital format work?,sahneeis,2026-07-03 19:09:54,1
t1_ovd95ls,t3_1uml8c6,t3_1uml8c6,gaming,What retailers are selling digital PS games?,shockwave_supernova,2026-07-03 18:45:40,1
t1_ovetszt,t3_1uml8c6,t3_1uml8c6,gaming,Would that also work w/ PS6?,oriso22,2026-07-03 23:27:03,1
t1_ovg1myr,t3_1uml8c6,t3_1uml8c6,gaming,lmao …,Va1crist,2026-07-04 03:48:33,1
t1_ovg53mm,t3_1uml8c6,t3_1uml8c6,gaming,I bought a used ps5 just to play gta vi. I should just sell the drive. prob sell the ps5 when im done playing the game anyways as well,empathetical,2026-07-04 04:12:34,1
t1_ovdnvjx,t3_1uml8c6,t3_1uml8c6,gaming,Been wanting to get a spare for my pro just in case the current one dies at some point… just ordered one to get ahead of the scalpers. ,Left4DayZGone,2026-07-03 19:54:28,1
t1_ovgt8d1,t3_1uml8c6,t3_1uml8c6,gaming,"I already have adisc drive for my PS5 Pro, but with all this mess going on, I'm tempted to go out and buy a spare, so in 10-15 years, if the disc drive on mine dies, I at least have a spare.",PAPO1990,2026-07-04 07:25:54,1
t1_ovgnjgc,t3_1uml8c6,t3_1uml8c6,gaming,this is not new.bro is nearly 2 years late to the party. this has been the case since at least the ps5 pro launch as it did not have a disk drive option at all and everyone flocked to buy one for their ps5 pro. ,terror_alpha,2026-07-04 06:37:44,0
t1_ovenugf,t3_1uml8c6,t3_1uml8c6,gaming,"I bought a disc drive version of ps5 so i could buy discs, will they be refunding me for the extra $100 I spent?",coepuffs,2026-07-03 22:54:40,-1
t1_ovdvpyj,t3_1uml8c6,t3_1uml8c6,gaming,"Damn, crazy to think my disc PS5 that I haven't touched in a year is now worth more than what I bought it for",capt_cd,2026-07-03 20:31:43,0
t1_ovd45fb,t3_1uml8c6,t3_1uml8c6,gaming,"High demand? Suddenly I wouldn't be surprised if this was all some shity marketing ploy to get a sales bump and they're gonna ""walk it back"" in a few months.",S627,2026-07-03 18:22:39,-2
t1_ovax7d3,t3_1umblkg,t3_1umblkg,gaming,When is Cyberpunk 2078 coming out?,Thunnddr,2026-07-03 11:59:18,62
t1_ovar5bs,t3_1umblkg,t3_1umblkg,gaming,"Up there with NoMans Sky for turning the ship around after a disastrous launch.

Highly recommend if you've not taken a second look.",Xiol,2026-07-03 11:20:57,487
t1_ovd6mzv,t3_1uml8c6,t3_1uml8c6,gaming,You voted for this when Steam became the dominant PC platform ,Active_Drama_9898,2026-07-03 18:34:03,-10
t1_ovar1eo,t3_1umblkg,t3_1umblkg,gaming,Thanks to all the alpha testers who bought it at launch.,BuldozerX,2026-07-03 11:20:13,1730
t1_ovbuj7j,t3_1umblkg,t3_1umblkg,gaming,I'm starting my 1st playtrough tonight!,kr3w_fam,2026-07-03 14:52:30,11
t1_ovaqa18,t3_1umblkg,t3_1umblkg,gaming,"Congrats to them. Game has come a long way from launch

",UnseenData,2026-07-03 11:15:05,127
t1_ovct2ly,t3_1umblkg,t3_1umblkg,gaming,"It's def one of those games where I can see myself playing through it at least once every 1-2 years, at least until the next cyberpunk game.",Chaotic_Genobreaker,2026-07-03 17:32:30,5
t1_ovbgq8t,t3_1umblkg,t3_1umblkg,gaming,"Owned this for 2years and haven't put the disk in, how high up my backlog priority should this be?",Ancient_Assistance26,2026-07-03 13:46:05,9
t1_ovaqnav,t3_1umblkg,t3_1umblkg,gaming,"really wanted tolike this game but it just would not click with me sadly, Tried retarting multiple times and following guides to help but just couldnt get into it",Chickenshit_outfit,2026-07-03 11:17:36,31
t1_ovbvvj1,t3_1umblkg,t3_1umblkg,gaming,Bought it after the bug fixes and updates and it’s easily one of my all time favourite games. ,ContractVarious3077,2026-07-03 14:58:44,4
t1_ovarxxd,t3_1umblkg,t3_1umblkg,gaming,Amazing game. 40million copies is some serious money.,Simple_Throat_6523,2026-07-03 11:26:15,25
t1_ovb3ueq,t3_1umblkg,t3_1umblkg,gaming,"Fine, I'll play it again ",PhantomSimmons,2026-07-03 12:37:56,12
t1_ovaqd5y,t3_1umblkg,t3_1umblkg,gaming,"I'm not surprised, gameplay wise it is my favorite game.",Mysterious-Net-130,2026-07-03 11:15:41,158
t1_ovcb8at,t3_1umblkg,t3_1umblkg,gaming,Game is a masterpiece ,uuf76,2026-07-03 16:08:20,5
t1_ovb8j13,t3_1umblkg,t3_1umblkg,gaming,"The first game Iplayed 500 hours.

Ill be getting its sequel.",YouOk5736,2026-07-03 13:03:29,7
t1_ovarkkc,t3_1umblkg,t3_1umblkg,gaming,"Honestly was nice to play it on switch 2, especially for the first time, as all the bugs and problems just didn’t exist for us so we got the best experience lol",ProjectPorygon,2026-07-03 11:23:48,8
t1_ovcfmap,t3_1umblkg,t3_1umblkg,gaming,Actually one of the best games I've ever played.,notmyrealnameatleast,2026-07-03 16:29:47,4
t1_ovdptck,t3_1umblkg,t3_1umblkg,gaming,"And it deserves to sell even more.

Incredibly good game.",MrNixxxoN,2026-07-03 20:03:37,3
t1_ovbhqnq,t3_1umblkg,t3_1umblkg,gaming,Picked it up on PS plus and it was pretty solid. Gameplay was really fun. I thought the story was a little hit or miss but overall a really fun time,ShawshankException,2026-07-03 13:51:10,2
t1_ovavgzs,t3_1umblkg,t3_1umblkg,gaming,"Outright lied with marketing and then released a mess of a game. 

Fixing it was the least they could do ",TaftYouOldDog,2026-07-03 11:48:42,21
t1_ovd1g9y,t3_1umblkg,t3_1umblkg,gaming,40 million copies is insane. CDPR really turned this game around. One of the biggest redemption arcs in gaming.,Amelia9955,2026-07-03 18:10:12,3
t1_ovba1gi,t3_1umblkg,t3_1umblkg,gaming,I just bought itwith the dlc! Excited,1Skarabee,2026-07-03 13:11:33,2
t1_ovaqh9k,t3_1umblkg,t3_1umblkg,gaming,"I might be one of the only people that has never rated it, even after the update. Still glad for CD Projekt Red though, and am looking forward to Witcher 4.",wobbins69,2026-07-03 11:16:27,23
t1_ovcvy99,t3_1umblkg,t3_1umblkg,gaming,40 Million + 1 because I just bought it again on Switch 2 from that Summer Sale!,dark0re0,2026-07-03 17:45:23,3
t1_ovasepj,t3_1umblkg,t3_1umblkg,gaming,One of the best single player experiences you’ll ever have. ,scott2k44,2026-07-03 11:29:19,28
t1_ovc046v,t3_1umblkg,t3_1umblkg,gaming,"Had very few issues on launch, and no one i knew personally did, few bugs/crashes (3 total for me, first playthrough). I think the launch was bad for consoles and maybe older hardware, but for the majority seemed like a great launch. My buddy had a rx580 and it worked fine on medium or low i forget. ",Mysterious_Past6277,2026-07-03 15:18:17,2
t1_ovdf9co,t3_1umblkg,t3_1umblkg,gaming,Wasn't this gameat 30 million just a little bit ago? How are they still selling so many copies 6 years later? Wow.,Banndrell,2026-07-03 19:13:46,2
t1_ovbkoy4,t3_1umblkg,t3_1umblkg,gaming,i love it and i bought it when it was at is lowest ,Financial_Emu_9912,2026-07-03 14:05:42,2
t1_ovc5n8l,t3_1umblkg,t3_1umblkg,gaming,Let's see Witcher 4 quality. With money they made of Cyberpunk and will buy selling W3 DLC,SweetBacon923,2026-07-03 15:43:24,2
t1_ovcozc4,t3_1umblkg,t3_1umblkg,gaming,"Was one of the lucky few to have very few issues at launch. Been one of the few games I’ve got all the achievements for, and patiently waiting for whatever comes next. ",Sketch_Beard,2026-07-03 17:14:03,2
t1_ovdxz2h,t3_1umblkg,t3_1umblkg,gaming,"Game is awesome,as well as the expansion. Doubt a sequel can match it unfortunately.",Bubbly-Ad-350,2026-07-03 20:42:18,2
t1_ovaxap4,t3_1umblkg,t3_1umblkg,gaming,"I always wonder if I played an entire different game from everyone else.

It was so underwhelming in every aspect that wasn't pure presentation.",MisterKraken,2026-07-03 11:59:51,4
t1_ovb4ufc,t3_1umblkg,t3_1umblkg,gaming,Probably the most overhyped game in existence,keepopeepo,2026-07-03 12:43:29,3
t1_ovar8me,t3_1umblkg,t3_1umblkg,gaming,40 millions is huge. if they keep this up they could become some serious competitors to GTA in terms of copies sold,alinairl,2026-07-03 11:21:35,0
t1_ovblvsf,t3_1umblkg,t3_1umblkg,gaming,"Good work, choom",rated3,2026-07-03 14:11:32,2
t1_ovb6qcb,t3_1umblkg,t3_1umblkg,gaming,"Ugh, I already started it two times and got only far as to first kiosk in city. And didnt continue, for me driving car disnt feel great… I want to give it a shot but need some motivation.. when does game start to feel great?",indyyja,2026-07-03 12:53:46,4
t1_ovaszuo,t3_1umblkg,t3_1umblkg,gaming,I’m streaming myfirst playthrough and I’m obsessed. My community bought me the Errata katana replica that is now for pre-order on the cape website 🥹🥹🥹  and ngl I was hesitant to try the game but it’s actually really good!! ,essska,2026-07-03 11:33:05,2
t1_ovaw3ts,t3_1umblkg,t3_1umblkg,gaming,"Couldn’t get into Witcher 3 but still gave this a shot due to the setting and absolutely loved it. Everything just clicked perfectly for me and the phantom liberty expansion just raised the bar even more. 

Hoping they do a little update with edgerunners season 2 so I’ll come back to night city again. ",DahnZaiver,2026-07-03 11:52:37,2
t1_ovdy3cg,t3_1umblkg,t3_1umblkg,gaming,"Just letting youknow that it is on a -70% sale today (until 9th of July)

https://store.steampowered.com/app/1091500/Cyberpunk\_2077/",gp42,2026-07-03 20:42:52,2
t1_ovaw07a,t3_1umblkg,t3_1umblkg,gaming,"Well, I just bought it yesterday from the Steam Summer Sales. Happy to contribute.",qriuz0,2026-07-03 11:52:00,2
t1_ove0gxt,t3_1umblkg,t3_1umblkg,gaming,"It's one of those rare games you wish you could experience all over again from the start. Skyrim, Cyberpunk, Fallout, Outer Wilds. Those aren't just games, they're experiences which stick with you. ",Vathrik,2026-07-03 20:54:08,2
t1_ovd4n2c,t3_1umblkg,t3_1umblkg,gaming,"Swear anything related to CDPR these days, there is always someone ready to remind people the sins and how much they hate the game, and have to freely express it everytime without fail. Every cat and dog, even the most fanboys of CDRP knows many mistakes and broken promises, sure some turn a blind eye on them, but most people acknowledge the faliures and will treat their future products with caution. 

We know you hate them to the core so much, but it is not so serious in a wayCDPR will harm your social welfare.  ",Confident_Fishing775,2026-07-03 18:24:52,2
t1_ovbcues,t3_1umblkg,t3_1umblkg,gaming,"I got it at launch loved it. Didn’t touch it again after Embers until year after the DLC.

Genuinely one of the best games ever",_K84,2026-07-03 13:26:16,2
t1_ovatas7,t3_1umblkg,t3_1umblkg,gaming,O knew that it sold well but 40 million? That's impressive ,Atecep,2026-07-03 11:35:03,1
t1_ovassb8,t3_1umblkg,t3_1umblkg,gaming,"Gog is in their summer sale, you can grab it for half price.",Stilgar314,2026-07-03 11:31:45,1
t1_ovazfe5,t3_1umblkg,t3_1umblkg,gaming,Give us another expansion PLEASE. You know you want it!,No_Sprinkles_4065,2026-07-03 12:12:32,2
t1_ovbgq23,t3_1umblkg,t3_1umblkg,gaming,Overrated ,Kadge11,2026-07-03 13:46:03,2
t1_ovarlhr,t3_1umblkg,t3_1umblkg,gaming,"One of my all time favorites. Love this game, never gets old playing it ",irongix,2026-07-03 11:23:59,2
t1_ovbl83b,t3_1umblkg,t3_1umblkg,gaming,Only game I evergot a refund for.,BeforeTheDawnX,2026-07-03 14:08:19,3
t1_ovarnzv,t3_1umblkg,t3_1umblkg,gaming,It's nearing thetop 10! God I hope we get to see that happen soon.,Accomplished-Gain319,2026-07-03 11:24:26,2
t1_ovatknc,t3_1umblkg,t3_1umblkg,gaming,"I'll be controversial.

Being an RPG actively hurt this game, and their marketing hit an audience who wasn't used to RPGs.

Now, in no way am I saying that character customisation, skill trees etc were an issue. They weren't.

What hurt this game is the fact that, for example, the same gun was available at several different power levels. Or the fact there's a gajillion shitty random pickups that you have to clear out. Or regular clothes having 'armour' and stuff.

I'm notsaying it should be more like GTA, but it's marketing definitely hit a wider audience than 'RPG' fans and if I'm being honest, it should have leant into a more standard game design.

My absolute biggest peeve in story games is weapon levels. I want a headshot to be a headshot, not a regular dude being a bullet sponge.

Also more nitpicky but the story should have been story line after story line, not multiple plots that need your immediate attention as it felt a bit disjointed imo.

I did really enjoy the game, but I feel like it avoids criticism",Old-Career1538,2026-07-03 11:36:49,2
t1_ov9c45m,t3_1um4j77,t3_1um4j77,gaming,"> legally protected rights like resale, lending, inheriting, gifting

The expression you're looking for is ""First Sale Doctrine.""  Publishers can't control what you do with a work protected by copyright after the first sale.

Technically, since software has always been licensed, they could put a clause like you're not allowed to resell or loan the game even on the physical disk, but that would be pretty hard to enforce.",dnew,2026-07-03 04:44:43,1522
t1_ov9cz1k,t3_1um4j77,t3_1um4j77,gaming,">But we already knew that

Most people are completely ignorant of IP law, actually",PasswordP455w0rd,2026-07-03 04:50:39,1008
t1_ov9c0ep,t3_1um4j77,t3_1um4j77,gaming,"A better way to think about it is you posses a license physically. Rather than tied to an account that is non transferable whomever has the disc ""owns"" the license. Like a digital bearer bond.",QuiteFatty,2026-07-03 04:44:01,233
t1_ov9bppm,t3_1um4j77,t3_1um4j77,gaming,"I feel like thiswhole physical vs digital discussion is a prime example of ""Yeah, this side is evil (publishers and companies pushing an all-digital world), but this sideis annoying (certain pro-physical people), so they're worse."" Like, I've never seen people more okay with readily accepting a blantantly anti consumer move",sevenut,2026-07-03 04:42:00,5763
t1_ova98zj,t3_1um4j77,t3_1um4j77,gaming,"I’ve borrowed video games from the public library and the university library, when I was too broke to buy new games or subscribe to any services. They were physical discs. You can’t do that with digital-only games. This puts gamers without a lot of disposable income at a disadvantage. I know video rental places aren’t a thing any more, but libraries still are, and many have a video game collection. ",Fine_Actuator_2900,2026-07-03 09:03:51,107
t1_ov9eqa2,t3_1um4j77,t3_1um4j77,gaming,"> “You never owned physical games anyway.”

lol until Sony sends a SWAT team to knock down my door and take away my Playstation discs, they remain in my ownership.",ChanceVance,2026-07-03 05:02:51,82
t1_ovcapf2,t3_1um4j77,t3_1um4j77,gaming,"""You never owned physical games anyway"" is maybe the dumbest sentence I've ever read on this topic. I'm sad for you that you had to respond to that.",alonghardlook,2026-07-03 16:05:58,18
t1_ovbd2fy,t3_1um4j77,t3_1um4j77,gaming,"Digital wouldn'tbe so bad if you could:

* Sell/pass the Licensing on to another person/account.
* Wasn't as expensive as Physical games
* You actually own the game

I'm sure there are more to add but these are my nicky picks with it.",JefferyRs,2026-07-03 13:27:26,12
t1_ovabwvd,t3_1um4j77,t3_1um4j77,gaming,"BUT I DID

I bought Zelda 3 on SNES Cartridge. I can still play the game. Today. I just need a SNES. I also can buy a SNES USB Reader and play it on an emulator. 

The ""fine print"" about ""you bought a license and the physical medium is irrelevant"" is legal trickery and still the very difference that people are fussing over.

You can not come into my home and take my SNES cartridge away. YOu can not do it because you want to, or because you want to sell it again, or because you lost the license for something, which was used to produce the game and or cartridge. 

With a digital copy you can. and it happens all the time. we licensed this song, and the license ran out. sorry, we have to delete your copy of the game because the song was used in there. oh we decided we would like to sell you the game again, so we are shutting down the old generation digital front. sorry all your purchases are not inaccessible. here is a voucher for20% off for the identical looking but entirely different storefront for the new generation

and lets not talk about lending the game to a friend. or libraries. or gifting the game to your kids or grandkids when you pass on. a phyiscal copy makes it easy, a digital one almost impossible.

they want to tell me there is no difference between digital and physical? then I need a law forcing the company to actually treat it identical. and forbidding them from taking it from me for ever

I would love to respect intellectual property law and all that stuff. but, there is some truth to the thinking of ""if buying isnt owning, then piracy isnt theft""

the needle is very much skewed towards the producer and not consumer at the moment. and the increased push towards drm, digital only, is making it worse.",catwiesel,2026-07-03 09:26:15,134
t1_ovahl5t,t3_1um4j77,t3_1um4j77,gaming,Maybe it's time we have digital rights too?,Terminatorn,2026-07-03 10:11:55,37
t1_ov9kptz,t3_1um4j77,t3_1um4j77,gaming,I'm someone thatalways went out of my way for a physical copy. This is very super ultra lame and I do not like it.,Myst3ryGardener,2026-07-03 05:46:47,79
t1_ov9e32o,t3_1um4j77,t3_1um4j77,gaming,The semantics people employ about this whole topic is why I changed from saying ‘I prefer to own my games’ to saying ‘I prefer the amount of control I have/get over my copy.’,DecoyMkhai,2026-07-03 04:58:20,196
t1_ov9dyqy,t3_1um4j77,t3_1um4j77,gaming,"All I know is I can still play Castlevania SoTN whenever I want. Forza not so much. Either need disc or internet.

Stupid.",-00--,2026-07-03 04:57:31,64
t1_ov9jsnf,t3_1um4j77,t3_1um4j77,gaming,"I think that people are forgetting the main aspect of ""owning"" which is just being able to play said game... If someone just remove it from my digital library, I'm done, I can't play it anymore. I don't own a single physical disk, but I'm still afraid of losing my digital library.",Cigerza,2026-07-03 05:39:50,52
t1_ov9ywh1,t3_1um4j77,t3_1um4j77,gaming,"There is this element but honestly, i’m more concerned with the PlayStation store essentially having zero competition. Prices are already high when we have the option to buy cheaper physical games.",---OOdbOO---,2026-07-03 07:37:30,44
t1_ov9o0gm,t3_1um4j77,t3_1um4j77,gaming,"I still buy physical games, books, films, and music, and always will when such is available. I like them on my shelves, and that they can work offline too and during a power outage (which is not as infrequent as one might hope, where I am). I do also buy some digital games (and their soundtracks) on Steam (that I would get boxes of if I could) but I do not pay to lease individual movies/shows/songs on a digital service after the few early ones via ultraviolet from Best Buy went away. And we can't count on a streaming service keeping something around reliably and won't hop between them to follow things around; even if someone subscribes to a couple it isn't practical to get them all just to watch all the episodes of something in the background, that may or may not be ad-free, which you could otherwise just have. In our house we rewatch/replay a lot of things, work from home, and are near retirement where we intend to spend more time going through our libraries.",Aerallaphon,2026-07-03 06:11:53,11
t1_ova845r,t3_1um4j77,t3_1um4j77,gaming,"Also, physical is not only about ownership, it's very reductive to limit it to that (and it's dismissed a lot by people that don't believe in the ""Sony will remove your license"" thing). 

It's as much about the second hand market and the competition of several ways to buy the games. And it's actually 99% of the reason of Sony decision because that'll increase their profits",Zalvren,2026-07-03 08:54:26,6
t1_ovap715,t3_1um4j77,t3_1um4j77,gaming,"It's also not true.

Copyright is not ownership. It's a set of exclusive rights modelled on ownership. These rights are limited.

Fir a time, book publishers tried to use copyright to prevent resale. This was overruled by right of First Sale/exhaustion of copyright.

The point is, you own the copy you can't copy it, n0t because you don't own it - you do - but because the act of copying is restricted. There's another point here though ; copyright isn't forever. In 200 years we can copy these games to our hearts content.",squigs,2026-07-03 11:07:39,7
t1_ovareeb,t3_1um4j77,t3_1um4j77,gaming,"It is a tangibleobject in my house that no third parties can alter or cut off my access to.

Legal fine print about software licensing does not magically make that not the case. The people who bring it up have totally flat backs of their heads.

Everyone will miss physical disks in 10 years when they wanna play a game they used to enjoy and realise there's no way for them to do it anymore",Silent-Tea4500,2026-07-03 11:22:39,8
t1_ov9d2fe,t3_1um4j77,t3_1um4j77,gaming,"if the internet shutdown, i can still game on my switch 🥲",brainrotxx,2026-07-03 04:51:18,18
t1_ov9brba,t3_1um4j77,t3_1um4j77,gaming,It will be time for the law to catch up and extend rights to digital ownership of licences. Physical media is going. ,Bulky-Use-7494,2026-07-03 04:42:17,95
t1_ovaahwl,t3_1um4j77,t3_1um4j77,gaming,"Sadly, they willall do that in the near future. They clearly want to bury the secondhand market as deep as they can. Not owning a physical disc or cartridge means that people won't be able to share or resell something, and that will make their profit go up in their book.

It's sad news for all gamers. Going digital wasn't an issue if they released physical at the same time, but completely removing physical copies will slowly kill games.

They decided to side with AI, digital, and less manpower over a simplistic and automated system. When games cost over 100€/$ for the standard edition, many people will simply stop buying games because it will be a luxury and not a hobby.",Azukaos,2026-07-03 09:14:22,4
t1_ov9cigh,t3_1um4j77,t3_1um4j77,gaming,"This is why I like GoG. 

They really are heavy on being DRM-free and ensuring that games are **yours** to keep.",Acps199610,2026-07-03 04:47:26,56
t1_ov9ca7j,t3_1um4j77,t3_1um4j77,gaming,What's your opinion about Game Key Cards?,Pinco_Pallino_R,2026-07-03 04:45:52,11
t1_ovebwv1,t3_1um4j77,t3_1um4j77,gaming,"I dont own the patent or copyright to my car, I cant create an exact copy.  Doesn't mean I don't own my car.",Meppy1234,2026-07-03 21:50:50,7
t1_ovaarro,t3_1um4j77,t3_1um4j77,gaming,"Same with E-books.  We can no longer legally give them away or donate them (or burn them for heat), but they still want us to pay new book prices for each copy.",Glum-Welder1704,2026-07-03 09:16:39,19
t1_ov9mblh,t3_1um4j77,t3_1um4j77,gaming,95% of my switchgame collection is physical lol,Sushiki,2026-07-03 05:59:00,23
t1_ovagiaz,t3_1um4j77,t3_1um4j77,gaming,A true physical copy of a game means they can't take it away unless they physically confiscate it from you.,Ahenobarbus753,2026-07-03 10:03:43,6
t1_ov9fir2,t3_1um4j77,t3_1um4j77,gaming,Did people not know that...? The point is that I can still play my games even if I don't have internet access. ,Whispering_Wolf,2026-07-03 05:08:30,20
t1_ovac36z,t3_1um4j77,t3_1um4j77,gaming,"Who is seriouslyarguing about owning the IP because you bought a physical copy? That's completely ridiculous.

The argument has always been that buying something means owning the copy you bought. Publishers wanna call it ""renting""? Charge rental prices instead of £70 for something you're gonna take away from us when you feel like it.",FMWindbag,2026-07-03 09:27:41,4
t1_ova2wep,t3_1um4j77,t3_1um4j77,gaming,"The thing that should bother people about all of this is that consumer rights laws are *very annoying* to get going from a legal standpoint, in a world where everything is so expensive because lawmakers can be bought and sold by corporations through lobbying.

The reason the game industry wants to pivot away from physical copies is the same reason they put extremely intrusive DRM into their games at launch: they want to control how you, the consumer, engages with their products. Be it how you buy it, where you buy it, if you have perpetual or conditional access to it after buying it, and/or if it's worth preserving in any form.

Physical vs Digital is an issue of how many rights are you willing to throw away for the sake of convenience. And companies *really* want you to favor convenience, because they generally don't care about the rights of the consumer, but really want to make as much money as possible from the consumer.",Onyx_Archer,2026-07-03 08:10:32,5
t1_ovc1x9m,t3_1um4j77,t3_1um4j77,gaming,"As someone who loves to go and support their indie game store(s), I'm so worried about losing that part of both my community and the gaming community. Indie and used game stores absolutely rock and I'd hate the see these big corporations run them out of business in a digital world. Now, more than ever, support your local indie!!!!",gamersk2,2026-07-03 15:26:31,4
t1_ovaqcj3,t3_1um4j77,t3_1um4j77,gaming,"It is a pretty dumb statement. I wish people wouldn't make excuses for these companies. Like yea maybe the last gen or two of Xbox and PlayStation has had physical media that grants a license, but we certainly have discs and carts going back decades with actual games on them, not licenses. 

And Switch 2 carts are still mostly a hard copy of the game, except key cards, and we own that cartridge when we buy it. We can still sell it, f.e.",QuinSanguine,2026-07-03 11:15:34,8
t1_ov9iiiy,t3_1um4j77,t3_1um4j77,gaming,Yeah ummm…let meplug in my N64 and my GoldenEye cartridge. No live connection needed. ,lispwriter,2026-07-03 05:30:16,16
t1_ovb79nn,t3_1um4j77,t3_1um4j77,gaming,I do not have any intention of ever buying physical media again...and I still hate that they're making this move. There is no benefit to this to anyone but the millionairesand billionaires. ,WannaHitHim,2026-07-03 12:56:41,3
t1_ovbaucc,t3_1um4j77,t3_1um4j77,gaming,"They really think Sony and Microsoft are going to allow Steam on consoles by the way they talk about how PC is digital only and nothing bad happened (yet). They deliberately ignore that consoles are closed ecosystems and this won't happen.

It's a bad faith argument from the jump and it doesn't pass any sniff test.",zgh5002,2026-07-03 13:15:48,3
t1_ovbagqv,t3_1um4j77,t3_1um4j77,gaming,"We also got to keep the game/book/cd forever. They couldn't come and take it away. 

Years ago, I bought episodes of Walking Dead from the PS store. I can access them now. If I owned them on DVD,  I could still watch them. There is your difference.",InsertNovelAnswer,2026-07-03 13:13:48,4
t1_ovbm1rt,t3_1um4j77,t3_1um4j77,gaming,85% of my collection is physical. ,halcyon8,2026-07-03 14:12:19,5
t1_ovarbya,t3_1um4j77,t3_1um4j77,gaming,"Wanna know what I love. I can break own my n64 and play gauntlet whenever I want. 

That won’t be a thing anymore if this continues ",Oz1227,2026-07-03 11:22:12,5
t1_ovbfx0q,t3_1um4j77,t3_1um4j77,gaming,"If Microsoft were smart they’d take this opportunity to announce that on Xbox, physical copies aren’t going anywhere… just saying. ",Finite_Universe,2026-07-03 13:42:03,4
t1_ovbbagu,t3_1um4j77,t3_1um4j77,gaming,"""I buy digital game downloads because they are convenient, which means I don't need physical copies, which means no one else needs physical copies, which means I'll argue with you if you don't agree with me.""",LevelFix83,2026-07-03 13:18:09,4
t1_ova2q74,t3_1um4j77,t3_1um4j77,gaming,"I can install and play my original copy of Warcraft 3 just fine.

I cant download and play Warcraft 3 from any digital store right now. Its only Reforged and i dont want that. Its a different game.

I own this old CD and can use it whenever i want to. I cant use the only digital distribution of that game because it doesnt exist anymore.

Thats the difference between physical copies and digital stores.",Corlunae,2026-07-03 08:09:08,6
t1_ovc1n2b,t3_1um4j77,t3_1um4j77,gaming,My shelf full ofgames I will be able to show to my kid is the only proof I need - doesn't matter what the corporate bootlickers will try to come up with. My kid will know the games I played 20 years before they were born but they will not know the games I played just before they were born. What a joke,arkadiash,2026-07-03 15:25:14,3
t1_ovboboy,t3_1um4j77,t3_1um4j77,gaming,"It's corporations shifting the message to get more for less or more from us. 

Jaywalking is illegal. Well, only because Ford wanted to shift the blame to people from cars for accidents. 

Recycling, do your part. Too expensive for companies to recycle or build re-usable stuff, it would hurt the bottom line. So let's market it to consumers to do their part so we can not worry about it at all. 

Right to repair. But the consumer might hurt themselves, it's a safety issue, itshould be illegal. 

Physical copies cost too much, too hard to make, we just don't want to bc we can make more money with lout them. No, they just want to do what they want to make more money so they need a marketing approach to get there. ",mjp242,2026-07-03 14:23:18,6
t1_ov9yskr,t3_1um4j77,t3_1um4j77,gaming,"i wouldnt mind it as much if we could buy digital games from third party, but only through the ps store im good on that",nemofbaby2014,2026-07-03 07:36:38,3
t1_ov9k7xx,t3_1um4j77,t3_1um4j77,gaming,"It's more than physical Sony has you confined to their ecosystem. It's not like PC where you have all the files downloaded locally. If Sony decides to close up shop, poof there goes your library.",Schezwansuhaouse,2026-07-03 05:43:02,3
t1_ova7nmk,t3_1um4j77,t3_1um4j77,gaming,"""You never owned physical games anyway"" Cool, if that's the case why can I still slap my original copy of Ratchet & Clank into my PS2 and play it?

Rebel Raiders Operation Nighthawk isn't sold on any platform digitally so they must not want people playing it and yet I still own my physical copy and can pop it in to play without issue. Same with all my old games.

The only time you never owned physical games was when they stopped shipping the full game on the disc and started requiring day one patches to download the rest of the game. Prior to that you owned the entire game by buying it physically. ",Kurohimiko,2026-07-03 08:50:36,6
t1_ov9dgqz,t3_1um4j77,t3_1um4j77,gaming,"From a practicalstandpoint, I bought ps5 because I enjoy keeping disc and passing it down. If I can’t, I may as well buy a pc and play on steam, who’s store I can play multiplayer for free, cheaper, and with a ton of sale. 

The only downside of using steam is supporting illegal gambling for minors but I’m ok with that ",FuraidoChickem,2026-07-03 04:54:03,19
t1_ov9zwnq,t3_1um4j77,t3_1um4j77,gaming,Sony deleted movies that people paid for from their accounts.,ZiiZoraka,2026-07-03 07:45:49,3
t1_ova0ne6,t3_1um4j77,t3_1um4j77,gaming,"I mean they already tried to kill that aspect of physicals with always online DRM. They could just switch off your physical game basically. Unless you find a workaround which is probably not easy/technically legal, but at that point who cares honestly.",lolschrauber,2026-07-03 07:52:01,3
t1_ovgy67r,t3_1un39x2,t3_1un39x2,gaming,damn looks like a actual game,Ok_Organization_2347,2026-07-04 08:08:32,7
t1_ovgye92,t3_1un39x2,t3_1un39x2,gaming,"Wow, I legit thought this was a mod for the game. This looks awesome!",TheFourthSeer,2026-07-04 08:10:29,1
t1_ovh07ac,t3_1un39x2,t3_1un39x2,gaming,Way too much editing to appreciate the work.,ACrask,2026-07-04 08:26:31,7
t1_ovgymqn,t3_1un39x2,t3_1un39x2,gaming,Doesn't look irl,The-vicobro,2026-07-04 08:12:34,3
t1_ovh3wye,t3_1un39x2,t3_1un39x2,gaming,"Too edited, it looks like AI",jt198d,2026-07-04 08:59:51,2
t1_ovgzzm5,t3_1un39x2,t3_1un39x2,gaming,This is so heavily edited that you can't even tell it's cosplay. It really ruins the actual work behind it.,samurai1226,2026-07-04 08:24:37,21
t1_ovgz5js,t3_1un39x2,t3_1un39x2,gaming,"that looks exactly like the game, awesome work!",MentalHovercraft810,2026-07-04 08:17:11,1
t1_ovep451,t3_1umsrkx,t3_1umsrkx,gaming,I just bought a mint Manhunt big box + Manhunt 2. I love collecting as if collecting cultural artifacts lol. ,Wilsonian_1776,2026-07-03 23:01:26,17
t1_ovetxs3,t3_1umsrkx,t3_1umsrkx,gaming,Play Lost Odyssey ,Deep_Fried_Bussy,2026-07-03 23:27:48,32
t1_ovf3932,t3_1umsrkx,t3_1umsrkx,gaming,"Damn, bunch of weirdo's in this comment section. but congrats OP, DQ11 was one of my favourite games of last gen.",treeeelo,2026-07-04 00:19:05,24
t1_oveqdmx,t3_1umsrkx,t3_1umsrkx,gaming,Hell yeah!! ,jacob21096,2026-07-03 23:08:19,8
t1_ovetv6k,t3_1umsrkx,t3_1umsrkx,gaming,Where Dragon Quest 7 Reimagined!?,-ImJustSaiyan-,2026-07-03 23:27:24,5
t1_oveshtj,t3_1umsrkx,t3_1umsrkx,gaming,Dragon Quest games are always on my todo list but never had the opportunity. ,thaneros2,2026-07-03 23:20:09,6
t1_oveqdv4,t3_1umsrkx,t3_1umsrkx,gaming,"Good for you! I bought my PS4 for One Piece Pirate Warriors 3, but you have 3 games!",rathemighty,2026-07-03 23:08:21,10
t1_ovesd3d,t3_1umsrkx,t3_1umsrkx,gaming,Oh hell yeah ,blahhh77,2026-07-03 23:19:27,5
t1_ovep4ex,t3_1umsrkx,t3_1umsrkx,gaming,Have fun playingthat,AdventurousGuest308,2026-07-03 23:01:28,12
t1_ovepfbg,t3_1umsrkx,t3_1umsrkx,gaming,It's him! The one guy who buys physical Xbox games!,WplusM1,2026-07-03 23:03:07,18
t1_oveoyw0,t3_1umsrkx,t3_1umsrkx,gaming,"Sorry for the camera glare lol

Was able to snag a Series X online from Target right after the price increase announcement and before it sold out, and it was on sale downfrom $650 to $573 so the timing was perfect. I was already content with the sale price but thanks to Reddit (<3) I found out Target has their July 4th 20% military discount and it actually applies to Xbox!

I called the confirm before I went in and was told I can do a return/rebuy to apply the discount but while there the cashier had no idea how to apply military discount (lol) so the manager had to do it. However it rang up as 20% off the regular price ($650) because the store price is different than online for some reason. I only noticed this as I was walking out the door. Went back to said manager and he tried everything to fix it but the July 4th discount only applies once so it seemed like there was nothing he could do, but after some friendly small talk he saidwe could just do a return/repurchase again and he can put it in manually. Appreciate you Ronnie!

https://imgur.com/a/rmmS1Bd",I_hate_Sansa_Stark,2026-07-03 23:00:39,8
t1_over7ud,t3_1umsrkx,t3_1umsrkx,gaming,Sweet. I oughta go back and finish XI. I don’t know why I ever fell off it. ,dishrag,2026-07-03 23:13:01,2
t1_ovetcjk,t3_1umsrkx,t3_1umsrkx,gaming,"If you put DQ 3’s case before DQ 1&2, the images connect. Since 3 was released first and is a prequel to the other two. ",battousai611,2026-07-03 23:24:32,2
t1_oveyg0f,t3_1umsrkx,t3_1umsrkx,gaming,"I think you're in for a better time, I haven't enjoyed a Rockstar game since the first Red Dead. ",QuinSanguine,2026-07-03 23:52:51,2
t1_oversro,t3_1umsrkx,t3_1umsrkx,gaming,"Buying an Xbox for multiplats in 2026 is certainly a choice, but enjoy it all the same!",mantenner,2026-07-03 23:16:15,5
t1_ovf01aq,t3_1umsrkx,t3_1umsrkx,gaming,"You placed the order of DQ 3 & 1 + 2 incorrectly. /s

They intentionally designed the covers of both to form 1 big image, with 3 flowing into 1 +2.",Ashencroix,2026-07-04 00:01:38,2
t1_ovetrkl,t3_1umsrkx,t3_1umsrkx,gaming,XI is so good that I will play 1 next as I'd never tried them before.,mikethemaniac,2026-07-03 23:26:50,2
t1_ovepbha,t3_1umsrkx,t3_1umsrkx,gaming,But are you still gonna buy GTA 6? It's still several months away so it makes sense you'll need games to play in the meantime.,DuckCleaning,2026-07-03 23:02:33,2
t1_ovespyb,t3_1umsrkx,t3_1umsrkx,gaming,"Congrats on yournew console!

You picked up an absolute marathon of quality RPG content as well.

DQXI by itself can be over 100 hours if you want to do everything it has to offer.

Hope you enjoy your time with them.",Shinted,2026-07-03 23:21:17,1
t1_ovet8xb,t3_1umsrkx,t3_1umsrkx,gaming,"If you finish 1+2 and 3 and want to keep going, the DS versions are great ways to play 4, 5, and 6",roland0fgilead,2026-07-03 23:24:01,1
t1_ovev2b7,t3_1umsrkx,t3_1umsrkx,gaming,How is dragon quest? ,Fatefire,2026-07-03 23:34:08,1
t1_ovf7i46,t3_1umsrkx,t3_1umsrkx,gaming,I bought my series X a few months ago to play Tom Clancy's splinter cell double agent(Xbox version) and Halo 5 as well as other backwards compatible games ,Major_Enthusiasm1099,2026-07-04 00:42:57,1
t1_ovevu4e,t3_1umsrkx,t3_1umsrkx,gaming,Very awesome!,NoAdeptness1106,2026-07-03 23:38:14,1
t1_ovfgbku,t3_1umsrkx,t3_1umsrkx,gaming,"I haven't been able to play games in a while, been busy with 2 jobs and my family. Enjoy it man. Some days I'd love to take a rainy afternoon and immerse myself in those stories. Like I did Dragon Quest 8 back in the day. ",CMeighan77,2026-07-04 01:32:44,1
t1_ovfj591,t3_1umsrkx,t3_1umsrkx,gaming,I had a blast with DQ1 & DQ2 but I couldn’t get into DQ3 for some reason ,imnottray,2026-07-04 01:49:57,1
t1_ovfhr80,t3_1umsrkx,t3_1umsrkx,gaming,"I bought my PS5 initially for Spider Man Miles Morales, God of War Ragnarak and Horizon Forbidden West.",EverGreatestxX,2026-07-04 01:41:31,1
t1_ovfbx54,t3_1umsrkx,t3_1umsrkx,gaming,You forgot the VII reimagining.  ,VanillaMuch2759,2026-07-04 01:06:39,1
t1_ovfm5q5,t3_1umsrkx,t3_1umsrkx,gaming,Rockstar should defunct,Nut_Fox_45912,2026-07-04 02:08:26,1
t1_ovfnrx8,t3_1umsrkx,t3_1umsrkx,gaming,"Never heard of Gtavi

I'm gonna order a handheld to play ps1/2 and gamecube games",RaccoonElaborate,2026-07-04 02:18:22,1
t1_ovflop9,t3_1umsrkx,t3_1umsrkx,gaming,Welcome to the family son,ShiftyShankerton,2026-07-04 02:05:30,1
t1_ovfufxt,t3_1umsrkx,t3_1umsrkx,gaming,all these 3 games look the same,mihhink,2026-07-04 03:00:36,1
t1_ovg0z9m,t3_1umsrkx,t3_1umsrkx,gaming,oooh nice. whichone to start with? canonical or chronological?,mistsoalar,2026-07-04 03:44:02,1
t1_ovg4flp,t3_1umsrkx,t3_1umsrkx,gaming,Looks like they will keep you busy a while.,UncomfortableReview,2026-07-04 04:07:48,1
t1_ovgj4wi,t3_1umsrkx,t3_1umsrkx,gaming,Absolutely worthit.,TheFourthSeer,2026-07-04 06:01:13,1
t1_ovg7li5,t3_1umsrkx,t3_1umsrkx,gaming,I never played or heard of this game but it’s way better than the people who post their new consoles with fucking call of duty as their new game. ,superpoongoon,2026-07-04 04:30:49,1
t1_ovgn2sm,t3_1umsrkx,t3_1umsrkx,gaming,"Dang way to be different, gamer! ",Several-Pangolin3119,2026-07-04 06:33:52,1
t1_ovg76d2,t3_1umsrkx,t3_1umsrkx,gaming,It's dragon questing time,Magnon,2026-07-04 04:27:42,1
t1_ovet962,t3_1umsrkx,t3_1umsrkx,gaming,Absolutely fucking based,Althroway771,2026-07-03 23:24:03,1
t1_overefk,t3_1umsrkx,t3_1umsrkx,gaming,"Thanks for the announcement!!!

r/notliketheothergirls might suit your tryhard edge better",horizon_games,2026-07-03 23:14:03,-10
t1_ovfo84m,t3_1umsrkx,t3_1umsrkx,gaming,"Love posts that grossly generalize something to try to make a point, even when the point doesn’t make sense. ",Ninhau,2026-07-04 02:21:10,1
t1_ovetyv0,t3_1umsrkx,t3_1umsrkx,gaming,There’s something disturbing about playing JRPGs on an Xbox,CleanlyManager,2026-07-03 23:27:58,-7
t1_oveqhu0,t3_1umsrkx,t3_1umsrkx,gaming,Bloodborne 2 or im pc till i die ,dapperslappers,2026-07-03 23:08:58,1
t1_ovfk1gl,t3_1umsrkx,t3_1umsrkx,gaming,Series X is a great console. Has 2 extra teraflops than the base PS5. ,Greedom619,2026-07-04 01:55:27,1
t1_ovexb3s,t3_1umsrkx,t3_1umsrkx,gaming,That’s like buying a sailboat to sail in a pond lol,Low_Mouse_197,2026-07-03 23:46:27,0
t1_ovflclx,t3_1umsrkx,t3_1umsrkx,gaming,Interesting choice of console for the games you got. I respect it though. Any other games you're looking into?,LunarWingCloud,2026-07-04 02:03:25,0
t1_oveq94x,t3_1umsrkx,t3_1umsrkx,gaming,"No one is buyingconsoles for GTA6 

Edit: if y’all’s friends are buying inflated price consoles for an inflated price digital only game, that’s on you.",blehmeng,2026-07-03 23:07:37,-26
t1_oves8bd,t3_1umsrkx,t3_1umsrkx,gaming,Nobody’s buying consoles for it bro ,smokywater50,2026-07-03 23:18:43,-8
t1_ovbqs5m,t3_1umf2kq,t3_1umf2kq,gaming,An 11 year old port not at 60 fps is shambles,RIPN1995,2026-07-03 14:34:57,358
t1_ovbofqn,t3_1umf2kq,t3_1umf2kq,gaming,"They are the ones responsible for releasing The Battlefront Classic Collection in a disastrous state, when it legit ran worse that the original and took up 50+gb lol ",UndyingRi,2026-07-03 14:23:50,192
t1_ovbjsxu,t3_1umf2kq,t3_1umf2kq,gaming,"It's being ported by Aspyr, that's why.",DasUberBash,2026-07-03 14:01:20,1065
t1_ovc10iu,t3_1umf2kq,t3_1umf2kq,gaming,"I can run the PCversion of this game at 60fps on an Odin 3, which is less powerful than a Switch 2.",Abba_Fiskbullar,2026-07-03 15:22:25,42
t1_ovbir1v,t3_1umf2kq,t3_1umf2kq,gaming,"It's quite possible the engine used was some sort of frankenstein thing that made it difficult. But Aspyr doesn't seem to have the technical chops to do good ports of olderAAA titles.

i feel like their best work by far was still the Civ6 port to OG Switch which built on their experience porting it to iOS.  That was consoleexclusive for a while too and they got the whole game with DLC and future DLCs all working.",dekuweku,2026-07-03 13:56:09,224
t1_ovc7pt9,t3_1umf2kq,t3_1umf2kq,gaming,A 2026 port of a2015 game that ran on the goddamn Xbox 360 not running at 60 fps is certainly something.,Steffykrist,2026-07-03 15:52:37,84
t1_ovbn65e,t3_1umf2kq,t3_1umf2kq,gaming,"I know it’s not apples to apples, but cyberpunk 2 targets 40 fps.  👀 ",duhbyo,2026-07-03 14:17:46,31
t1_ovcu95j,t3_1umf2kq,t3_1umf2kq,gaming,"This game didn'trun at 60fps on the PS4 Pro or Xbox One X, as it was more of a wavering 40-50fps in framerate mode so I guess I kind of get it.  

It would take the BC mode on PS5 and Xbox Series X to get it at 60fps.",BusyBoot121,2026-07-03 17:37:47,11
t1_ovbxn4s,t3_1umf2kq,t3_1umf2kq,gaming,This just in badporter makes a bad port. ,ImNotNuke,2026-07-03 15:06:56,17
t1_ovbj0v0,t3_1umf2kq,t3_1umf2kq,gaming,Far better looking games run at 60fps lol what a joke,Objective-Chicken391,2026-07-03 13:57:30,78
t1_ovdtqjv,t3_1umf2kq,t3_1umf2kq,gaming,I was going to ask if they were incompetent. Then I saw it was Aspyre. No need to ask. The Battlefront collection alone shows me they’re incompetent at best. ,Lord_CBH,2026-07-03 20:22:13,3
t1_ovc0jru,t3_1umf2kq,t3_1umf2kq,gaming,"that said, it's also a reminder that ports aren't all equal",RecentCranberry1949,2026-07-03 15:20:17,5
t1_ovcrpfp,t3_1umf2kq,t3_1umf2kq,gaming,the devs dont have the talent to do there job here.,firedrakes,2026-07-03 17:26:22,7
t1_ovbio5n,t3_1umf2kq,t3_1umf2kq,gaming,Interesting. I think it’s 30fps on ps4 so it seems reasonable to be 30 on switch 2. ,dank-yharnam-nugs,2026-07-03 13:55:45,23
t1_ovcsu69,t3_1umf2kq,t3_1umf2kq,gaming,"Aspyr

that’s why",seimungbing,2026-07-03 17:31:28,3
t1_ovd0zwd,t3_1umf2kq,t3_1umf2kq,gaming,"I'd rather hear a dev admit they couldn't achieve a stable 60 FPS than slap a ""Performance Mode"" on it that averages 45 FPS with constant stutter. A locked frame rate is usually the better experience.",Amelia9955,2026-07-03 18:08:07,2
t1_ovbpxeq,t3_1umf2kq,t3_1umf2kq,gaming,"Terrible port, if it can run on a 360 what makes the S2 version not capable of running it at 60? Must be the porting studio messing up.",RockRik,2026-07-03 14:30:54,6
t1_ovgdhs1,t3_1umf2kq,t3_1umf2kq,gaming,Yeah I mean it'smade by aspyr they aren't exactly known for technical excellence ,profchaos111,2026-07-04 05:15:51,2
t1_ovbl9qp,t3_1umf2kq,t3_1umf2kq,gaming,I don't rememberit running at 60 fps on the PS4? The fps was all over the place unless it was paused I guess lol.,EliteFourFay,2026-07-03 14:08:32,2
t1_ovbni6x,t3_1umf2kq,t3_1umf2kq,gaming,I don't understand why consoles don't have full graphical options like on PC so people can tweak their settings themselves to find something they like.,10ea,2026-07-03 14:19:24,2
t1_ovcw8b5,t3_1umf2kq,t3_1umf2kq,gaming,"Lol so many excuses for the Switch hardware. Before Nintendo stans come at my neck, I have one",BigBlueNY,2026-07-03 17:46:39,4
t1_ovds6rc,t3_1umf2kq,t3_1umf2kq,gaming,"Even at the timethe game felt very undercooked on pc, I wonder how bad optimization is natively",jumanjimanji,2026-07-03 20:14:53,1
t1_ovf47gg,t3_1umf2kq,t3_1umf2kq,gaming,You can buy the complete collection on steam for $10.  It makes no sense to buy a switch 2 when all they’re doing is porting decade old games on here and charging a premium.  ,zuck5150poop,2026-07-04 00:24:10,1
t1_ove2f40,t3_1umf2kq,t3_1umf2kq,gaming,lol it’s not even Shadow ,gideon513,2026-07-03 21:03:23,1
t1_oveqprp,t3_1umf2kq,t3_1umf2kq,gaming,It had dips from60fps on Steam Deck too. I locked it to 45 because I was tired of the dips to 49-50 in the geothermal valley section,uniparalum,2026-07-03 23:10:13,1
t1_ovfb0gw,t3_1umf2kq,t3_1umf2kq,gaming,Why not 45 fps?,HollowPointBullet,2026-07-04 01:01:33,1
t1_ovgax31,t3_1umf2kq,t3_1umf2kq,gaming,"dang, I guess we’ll have to play at 30. 🤷🏼‍♂️",Hungry-Double-5720,2026-07-04 04:55:46,1
t1_ovfdkt2,t3_1umf2kq,t3_1umf2kq,gaming,At least they tried,NCHouse,2026-07-04 01:16:09,1
t1_ovgfj2s,t3_1umf2kq,t3_1umf2kq,gaming,"How???, it's a damn Xbox 360 game, didn't they have the source code or smth?",__Player__,2026-07-04 05:31:59,1
t1_ovh2bq5,t3_1umf2kq,t3_1umf2kq,gaming,have they tried to turn if off and on again?,Romek_himself,2026-07-04 08:45:46,1
t1_ovgrnxi,t3_1umf2kq,t3_1umf2kq,gaming,really? even with DLSS? ,jonstarks,2026-07-04 07:12:28,1
t1_ovgeb35,t3_1umf2kq,t3_1umf2kq,gaming,"If my $300 phonecan run the game at 720p30 through Winlator, I'm surprised a native Switch 2 port couldn't hit 60 FPS. Was it an engine limitation or an optimization issue?",vinay1458,2026-07-04 05:22:16,1
t1_ovbl8bc,t3_1umf2kq,t3_1umf2kq,gaming,"Sounds like a skill issue when switch 2 is stronger than the hardware that game was made for, while having many modern tools that make porting and optimization easier",Admirable-War-7594,2026-07-03 14:08:21,1
t1_ovblq0a,t3_1umf2kq,t3_1umf2kq,gaming,60fps or not thegame looks and runs fantastic. I had no issues playing on my Switch 2. I enjoyed my time with the game a lot.,theend117,2026-07-03 14:10:44,0
t1_ovd5lt6,t3_1umf2kq,t3_1umf2kq,gaming,"Translation: ""We have thrown millions of claude tokens at it and we couldn't make it run any faster. We are baffled to be honest.""",Dasheek,2026-07-03 18:29:16,1
t1_ovbkxqe,t3_1umf2kq,t3_1umf2kq,gaming,But they even got Stanley Parable to run at 60FPS,OtherTailor5967,2026-07-03 14:06:54,1
t1_oveitx0,t3_1umf2kq,t3_1umf2kq,gaming,"Aspyr fuckin sucks is why.


Many much better AAA games have looked great and run great on switch2. Cyberpunk, FF7, RE9, Pragmata etc. 

Aspyr are just incompetent devs. All their ports sucks. ",WoodooHide69,2026-07-03 22:27:39,1
t1_ovcheet,t3_1umf2kq,t3_1umf2kq,gaming,"When are we going to get demakes of AAA games?

I'd 100% play this game if it was rendered like the older games. You dont need to see Lara's cheek hair in a game where you're raiding tombs. Just make it look like a PS2 game, easy peasy. ",JohnTomorrow,2026-07-03 16:38:57,0
t1_ovboxu9,t3_1umf2kq,t3_1umf2kq,gaming,I’m always so thankful that I don’t really process 30 vs 60 it means nothing to me and seems to drive everyone else insane ,Driz51,2026-07-03 14:26:13,-7
t1_ovd8t09,t3_1umf2kq,t3_1umf2kq,gaming,Nintendo hardware is always underpowered and overpriced.,Kallest,2026-07-03 18:44:03,-4
t1_ovg7hn6,t3_1umf2kq,t3_1umf2kq,gaming,"switch 2 is garbage anyway , who cares",lazy_redditor69,2026-07-04 04:30:01,0
t1_ovbmagi,t3_1umf2kq,t3_1umf2kq,gaming,"To be fair, thisgame was always poorly optimised even on PC. I remember playing it a year after release on recommended specs and it had serious dips into 30-40fps at times.

A beautiful game, but a hungry one",Valentyno482,2026-07-03 14:13:30,0
t1_ovc419d,t3_1umf2kq,t3_1umf2kq,gaming,Junk hardware sonot surprised ,Resident-Forever1340,2026-07-03 15:36:08,-4
t1_ovc2r7q,t3_1umf2kq,t3_1umf2kq,gaming,b-but I thought switch 2 had the power of 3 PS5's ducktaped together??,Ok-Peach-7558,2026-07-03 15:30:18,-6
t1_ove5mu8,t3_1umf2kq,t3_1umf2kq,gaming,Months as in 2 monkeys at Aspyr trying to figure out how a computer works. Why are they still not blacklisted from the industry jesus fucking christ.,LuRo332,2026-07-03 21:19:01,0
t1_ovc6edy,t3_1umf2kq,t3_1umf2kq,gaming,Anything runningat 60fps on Switch 2 is black magic considering awful 1Ghz CPU ,Dominjo555,2026-07-03 15:46:47,-6
t1_ovc42os,t3_1umf2kq,t3_1umf2kq,gaming,"It doesn’t even run at 4k 60fps on Series X. Not surprised that it can’t get 60fps on switch 2

Edit: Don’t know why I’m being downvoted, but thanks",Chris9871,2026-07-03 15:36:19,-4
t1_ovbmgn8,t3_1umf2kq,t3_1umf2kq,gaming,That's cuz the switch 2 has shit hardware. ,Vashsinn,2026-07-03 14:14:20,-14
t1_oveo2ke,t3_1umf2kq,t3_1umf2kq,gaming,Just Wasted months away for a product NOBODY ASKED FOR that can’t be bought for like $3 elsewhere. ,Icedvelvet,2026-07-03 22:55:52,0
t1_ovd6fan,t3_1umf2kq,t3_1umf2kq,gaming,30fps in 2026 lmao,Rayusa,2026-07-03 18:33:03,-2
